Entity,Category,System,Suggested_Query,Recommended_Filters,Red_Flag_Terms,Next_Step
Sandia National Laboratories,DOE/NNSA FFRDC,SAM.gov (Awards & Attachments),"(""special tooling"" OR ""special test equipment"" OR GFP OR 52.245-1 OR ""DD Form 254"" OR DoDM 5205.07 OR JSIG OR ""ICS 705"" OR SAPF OR SCIF) AND ""Sandia National Laboratories""",FY2010–present; Award→Attchs; Data Bank export,GFP; FAR 52.245-1; IUID/UID; DFARS 252.211-7003; Novation/Change-of-Name FAR 42.12/42.1204; DD 254; DoDM 5205.07; ICS/ICD 705; JSIG; SAPF/SCIF; J&A FAR 6.3; D&F FAR 1.7; UEI/DUNS/CAGE crosswalk,Export artifacts; score with escalation matrix; promote ≥6 to FOIA
Sandia National Laboratories,DOE/NNSA FFRDC,USAspending (Award → Mod History),"Awardee = ""Sandia National Laboratories"" (or filter by PIID/IDV) → review Mod Reason/Narrative for GFP/IUID/Novation; export modification history",FY2010–present; bind around M&A/org churn,GFP; FAR 52.245-1; IUID/UID; DFARS 252.211-7003; Novation/Change-of-Name FAR 42.12/42.1204; DD 254; DoDM 5205.07; ICS/ICD 705; JSIG; SAPF/SCIF; J&A FAR 6.3; D&F FAR 1.7; UEI/DUNS/CAGE crosswalk,Export artifacts; score with escalation matrix; promote ≥6 to FOIA
Sandia National Laboratories,DOE/NNSA FFRDC,FPDS (legacy ezSearch),"""Sandia National Laboratories"" in ezSearch; inspect PIID/IDV structure; pull SF-30 mod list and clause text",Legacy → clause text & SF-30 mod list,GFP; FAR 52.245-1; IUID/UID; DFARS 252.211-7003; Novation/Change-of-Name FAR 42.12/42.1204; DD 254; DoDM 5205.07; ICS/ICD 705; JSIG; SAPF/SCIF; J&A FAR 6.3; D&F FAR 1.7; UEI/DUNS/CAGE crosswalk,Export artifacts; score with escalation matrix; promote ≥6 to FOIA
Sandia National Laboratories,DOE/NNSA FFRDC,GAO Bid Protests,"""Sandia National Laboratories"" AND (protest OR sustain OR deny)",Pull docket → crosswalk PIID & J&A logic,J&A; timeline anchors; evaluation factors,Export artifacts; score with escalation matrix; promote ≥6 to FOIA
Sandia National Laboratories,DOE/NNSA FFRDC,SEC EDGAR (8-K/10-K/Exhibits),"""Sandia National Laboratories"" AND (acquisition OR asset transfer OR novation OR government OR ""U.S. government"")",M&A windows ±180 days,novation schedules; segment moves; facility notes,Export artifacts; score with escalation matrix; promote ≥6 to FOIA
Sandia National Laboratories,DOE/NNSA FFRDC,Delaware SOS (Entity Search),"""Sandia National Laboratories""",Around mod clusters / novations,conversions; mergers; name changes,Export artifacts; score with escalation matrix; promote ≥6 to FOIA
Sandia National Laboratories,DOE/NNSA FFRDC,IRS 990 (if applicable),"""Sandia National Laboratories"" site:irs.gov OR site:propublica.org",Universities/foundations only,program service revenue; related orgs,Export artifacts; score with escalation matrix; promote ≥6 to FOIA
Sandia National Laboratories,DOE/NNSA FFRDC,Jobs Telemetry,"""Sandia National Laboratories"" AND (""TS/SCI"" OR polygraph OR SAPF OR SCIF OR GEOINT OR ""SE&I"") site:clearancejobs.com OR site:linkedin.com OR site:workdayjobs.com",Last 5–7 yrs,TS/SCI poly; SAPF build-outs; GEOINT SE&I spikes,Export artifacts; score with escalation matrix; promote ≥6 to FOIA
Sandia National Laboratories,DOE/NNSA FFRDC,NRC ADAMS,"""Sandia National Laboratories"" OR site address; filter Part 71, Type B(U), sealed source, license scope changes, temp jobsite approvals",Licenses/Part 71/shipments,sealed source; Type B(U); temp jobsite approvals,Capture docket/permit IDs; link to PIIDs if visible
Sandia National Laboratories,DOE/NNSA FFRDC,DOE OpenNet,"""Sandia National Laboratories"" OR site/campus name; filter for unclassified tech reports with relevant keywords",Unclass tech reports,glovebox; hot cell; shielding materials,Capture docket/permit IDs; link to PIIDs if visible
Sandia National Laboratories,DOE/NNSA FFRDC,FRPP (Real Property),"""Sandia National Laboratories"" OR site/campus name in FRPP; compare YOY adds/removals/status/mission use",YOY property deltas,mission use; status change; new facility,Capture docket/permit IDs; link to PIIDs if visible
Sandia National Laboratories,DOE/NNSA FFRDC,PHMSA Approvals/Special Permits,"""Sandia National Laboratories"" AND (""Special Permit"" OR ""Type A"" OR ""Type B(U)"" OR UN 2915 OR UN 2916) site:phmsa.dot.gov",Shipments/packaging,Type A/B(U); UN 2915; UN 2916,Capture docket/permit IDs; link to PIIDs if visible
Sandia National Laboratories,DOE/NNSA FFRDC,Regents/Trustees Agendas,"""Sandia National Laboratories"" AND (radiological OR ""hot cell"" OR glovebox OR ""shielded window"" OR ""lead-lined"" OR ""Class 7 door"" OR ""neutron shielding"" OR ""borated polyethylene"")",Board approvals,radiological lab reno; shielding,Capture docket/permit IDs; link to PIIDs if visible
Sandia National Laboratories,DOE/NNSA FFRDC,City/County Permits,"""Sandia National Laboratories"" AND (building permit OR radiation OR SCIF OR SAPF OR classified) site:.gov",Permit portals,SCIF/SAPF construction; radiation work areas,Capture docket/permit IDs; link to PIIDs if visible
Los Alamos National Laboratory,DOE/NNSA FFRDC,SAM.gov (Awards & Attachments),"(""special tooling"" OR ""special test equipment"" OR GFP OR 52.245-1 OR ""DD Form 254"" OR DoDM 5205.07 OR JSIG OR ""ICS 705"" OR SAPF OR SCIF) AND ""Los Alamos National Laboratory""",FY2010–present; Award→Attchs; Data Bank export,GFP; FAR 52.245-1; IUID/UID; DFARS 252.211-7003; Novation/Change-of-Name FAR 42.12/42.1204; DD 254; DoDM 5205.07; ICS/ICD 705; JSIG; SAPF/SCIF; J&A FAR 6.3; D&F FAR 1.7; UEI/DUNS/CAGE crosswalk,Export artifacts; score with escalation matrix; promote ≥6 to FOIA
Los Alamos National Laboratory,DOE/NNSA FFRDC,USAspending (Award → Mod History),"Awardee = ""Los Alamos National Laboratory"" (or filter by PIID/IDV) → review Mod Reason/Narrative for GFP/IUID/Novation; export modification history",FY2010–present; bind around M&A/org churn,GFP; FAR 52.245-1; IUID/UID; DFARS 252.211-7003; Novation/Change-of-Name FAR 42.12/42.1204; DD 254; DoDM 5205.07; ICS/ICD 705; JSIG; SAPF/SCIF; J&A FAR 6.3; D&F FAR 1.7; UEI/DUNS/CAGE crosswalk,Export artifacts; score with escalation matrix; promote ≥6 to FOIA
Los Alamos National Laboratory,DOE/NNSA FFRDC,FPDS (legacy ezSearch),"""Los Alamos National Laboratory"" in ezSearch; inspect PIID/IDV structure; pull SF-30 mod list and clause text",Legacy → clause text & SF-30 mod list,GFP; FAR 52.245-1; IUID/UID; DFARS 252.211-7003; Novation/Change-of-Name FAR 42.12/42.1204; DD 254; DoDM 5205.07; ICS/ICD 705; JSIG; SAPF/SCIF; J&A FAR 6.3; D&F FAR 1.7; UEI/DUNS/CAGE crosswalk,Export artifacts; score with escalation matrix; promote ≥6 to FOIA
Los Alamos National Laboratory,DOE/NNSA FFRDC,GAO Bid Protests,"""Los Alamos National Laboratory"" AND (protest OR sustain OR deny)",Pull docket → crosswalk PIID & J&A logic,J&A; timeline anchors; evaluation factors,Export artifacts; score with escalation matrix; promote ≥6 to FOIA
Los Alamos National Laboratory,DOE/NNSA FFRDC,SEC EDGAR (8-K/10-K/Exhibits),"""Los Alamos National Laboratory"" AND (acquisition OR asset transfer OR novation OR government OR ""U.S. government"")",M&A windows ±180 days,novation schedules; segment moves; facility notes,Export artifacts; score with escalation matrix; promote ≥6 to FOIA
Los Alamos National Laboratory,DOE/NNSA FFRDC,Delaware SOS (Entity Search),"""Los Alamos National Laboratory""",Around mod clusters / novations,conversions; mergers; name changes,Export artifacts; score with escalation matrix; promote ≥6 to FOIA
Los Alamos National Laboratory,DOE/NNSA FFRDC,IRS 990 (if applicable),"""Los Alamos National Laboratory"" site:irs.gov OR site:propublica.org",Universities/foundations only,program service revenue; related orgs,Export artifacts; score with escalation matrix; promote ≥6 to FOIA
Los Alamos National Laboratory,DOE/NNSA FFRDC,Jobs Telemetry,"""Los Alamos National Laboratory"" AND (""TS/SCI"" OR polygraph OR SAPF OR SCIF OR GEOINT OR ""SE&I"") site:clearancejobs.com OR site:linkedin.com OR site:workdayjobs.com",Last 5–7 yrs,TS/SCI poly; SAPF build-outs; GEOINT SE&I spikes,Export artifacts; score with escalation matrix; promote ≥6 to FOIA
Los Alamos National Laboratory,DOE/NNSA FFRDC,NRC ADAMS,"""Los Alamos National Laboratory"" OR site address; filter Part 71, Type B(U), sealed source, license scope changes, temp jobsite approvals",Licenses/Part 71/shipments,sealed source; Type B(U); temp jobsite approvals,Capture docket/permit IDs; link to PIIDs if visible
Los Alamos National Laboratory,DOE/NNSA FFRDC,DOE OpenNet,"""Los Alamos National Laboratory"" OR site/campus name; filter for unclassified tech reports with relevant keywords",Unclass tech reports,glovebox; hot cell; shielding materials,Capture docket/permit IDs; link to PIIDs if visible
Los Alamos National Laboratory,DOE/NNSA FFRDC,FRPP (Real Property),"""Los Alamos National Laboratory"" OR site/campus name in FRPP; compare YOY adds/removals/status/mission use",YOY property deltas,mission use; status change; new facility,Capture docket/permit IDs; link to PIIDs if visible
Los Alamos National Laboratory,DOE/NNSA FFRDC,PHMSA Approvals/Special Permits,"""Los Alamos National Laboratory"" AND (""Special Permit"" OR ""Type A"" OR ""Type B(U)"" OR UN 2915 OR UN 2916) site:phmsa.dot.gov",Shipments/packaging,Type A/B(U); UN 2915; UN 2916,Capture docket/permit IDs; link to PIIDs if visible
Los Alamos National Laboratory,DOE/NNSA FFRDC,Regents/Trustees Agendas,"""Los Alamos National Laboratory"" AND (radiological OR ""hot cell"" OR glovebox OR ""shielded window"" OR ""lead-lined"" OR ""Class 7 door"" OR ""neutron shielding"" OR ""borated polyethylene"")",Board approvals,radiological lab reno; shielding,Capture docket/permit IDs; link to PIIDs if visible
Los Alamos National Laboratory,DOE/NNSA FFRDC,City/County Permits,"""Los Alamos National Laboratory"" AND (building permit OR radiation OR SCIF OR SAPF OR classified) site:.gov",Permit portals,SCIF/SAPF construction; radiation work areas,Capture docket/permit IDs; link to PIIDs if visible
Lawrence Livermore National Laboratory,DOE/NNSA FFRDC,SAM.gov (Awards & Attachments),"(""special tooling"" OR ""special test equipment"" OR GFP OR 52.245-1 OR ""DD Form 254"" OR DoDM 5205.07 OR JSIG OR ""ICS 705"" OR SAPF OR SCIF) AND ""Lawrence Livermore National Laboratory""",FY2010–present; Award→Attchs; Data Bank export,GFP; FAR 52.245-1; IUID/UID; DFARS 252.211-7003; Novation/Change-of-Name FAR 42.12/42.1204; DD 254; DoDM 5205.07; ICS/ICD 705; JSIG; SAPF/SCIF; J&A FAR 6.3; D&F FAR 1.7; UEI/DUNS/CAGE crosswalk,Export artifacts; score with escalation matrix; promote ≥6 to FOIA
Lawrence Livermore National Laboratory,DOE/NNSA FFRDC,USAspending (Award → Mod History),"Awardee = ""Lawrence Livermore National Laboratory"" (or filter by PIID/IDV) → review Mod Reason/Narrative for GFP/IUID/Novation; export modification history",FY2010–present; bind around M&A/org churn,GFP; FAR 52.245-1; IUID/UID; DFARS 252.211-7003; Novation/Change-of-Name FAR 42.12/42.1204; DD 254; DoDM 5205.07; ICS/ICD 705; JSIG; SAPF/SCIF; J&A FAR 6.3; D&F FAR 1.7; UEI/DUNS/CAGE crosswalk,Export artifacts; score with escalation matrix; promote ≥6 to FOIA
Lawrence Livermore National Laboratory,DOE/NNSA FFRDC,FPDS (legacy ezSearch),"""Lawrence Livermore National Laboratory"" in ezSearch; inspect PIID/IDV structure; pull SF-30 mod list and clause text",Legacy → clause text & SF-30 mod list,GFP; FAR 52.245-1; IUID/UID; DFARS 252.211-7003; Novation/Change-of-Name FAR 42.12/42.1204; DD 254; DoDM 5205.07; ICS/ICD 705; JSIG; SAPF/SCIF; J&A FAR 6.3; D&F FAR 1.7; UEI/DUNS/CAGE crosswalk,Export artifacts; score with escalation matrix; promote ≥6 to FOIA
Lawrence Livermore National Laboratory,DOE/NNSA FFRDC,GAO Bid Protests,"""Lawrence Livermore National Laboratory"" AND (protest OR sustain OR deny)",Pull docket → crosswalk PIID & J&A logic,J&A; timeline anchors; evaluation factors,Export artifacts; score with escalation matrix; promote ≥6 to FOIA
Lawrence Livermore National Laboratory,DOE/NNSA FFRDC,SEC EDGAR (8-K/10-K/Exhibits),"""Lawrence Livermore National Laboratory"" AND (acquisition OR asset transfer OR novation OR government OR ""U.S. government"")",M&A windows ±180 days,novation schedules; segment moves; facility notes,Export artifacts; score with escalation matrix; promote ≥6 to FOIA
Lawrence Livermore National Laboratory,DOE/NNSA FFRDC,Delaware SOS (Entity Search),"""Lawrence Livermore National Laboratory""",Around mod clusters / novations,conversions; mergers; name changes,Export artifacts; score with escalation matrix; promote ≥6 to FOIA
Lawrence Livermore National Laboratory,DOE/NNSA FFRDC,IRS 990 (if applicable),"""Lawrence Livermore National Laboratory"" site:irs.gov OR site:propublica.org",Universities/foundations only,program service revenue; related orgs,Export artifacts; score with escalation matrix; promote ≥6 to FOIA
Lawrence Livermore National Laboratory,DOE/NNSA FFRDC,Jobs Telemetry,"""Lawrence Livermore National Laboratory"" AND (""TS/SCI"" OR polygraph OR SAPF OR SCIF OR GEOINT OR ""SE&I"") site:clearancejobs.com OR site:linkedin.com OR site:workdayjobs.com",Last 5–7 yrs,TS/SCI poly; SAPF build-outs; GEOINT SE&I spikes,Export artifacts; score with escalation matrix; promote ≥6 to FOIA
Lawrence Livermore National Laboratory,DOE/NNSA FFRDC,NRC ADAMS,"""Lawrence Livermore National Laboratory"" OR site address; filter Part 71, Type B(U), sealed source, license scope changes, temp jobsite approvals",Licenses/Part 71/shipments,sealed source; Type B(U); temp jobsite approvals,Capture docket/permit IDs; link to PIIDs if visible
Lawrence Livermore National Laboratory,DOE/NNSA FFRDC,DOE OpenNet,"""Lawrence Livermore National Laboratory"" OR site/campus name; filter for unclassified tech reports with relevant keywords",Unclass tech reports,glovebox; hot cell; shielding materials,Capture docket/permit IDs; link to PIIDs if visible
Lawrence Livermore National Laboratory,DOE/NNSA FFRDC,FRPP (Real Property),"""Lawrence Livermore National Laboratory"" OR site/campus name in FRPP; compare YOY adds/removals/status/mission use",YOY property deltas,mission use; status change; new facility,Capture docket/permit IDs; link to PIIDs if visible
Lawrence Livermore National Laboratory,DOE/NNSA FFRDC,PHMSA Approvals/Special Permits,"""Lawrence Livermore National Laboratory"" AND (""Special Permit"" OR ""Type A"" OR ""Type B(U)"" OR UN 2915 OR UN 2916) site:phmsa.dot.gov",Shipments/packaging,Type A/B(U); UN 2915; UN 2916,Capture docket/permit IDs; link to PIIDs if visible
Lawrence Livermore National Laboratory,DOE/NNSA FFRDC,Regents/Trustees Agendas,"""Lawrence Livermore National Laboratory"" AND (radiological OR ""hot cell"" OR glovebox OR ""shielded window"" OR ""lead-lined"" OR ""Class 7 door"" OR ""neutron shielding"" OR ""borated polyethylene"")",Board approvals,radiological lab reno; shielding,Capture docket/permit IDs; link to PIIDs if visible
Lawrence Livermore National Laboratory,DOE/NNSA FFRDC,City/County Permits,"""Lawrence Livermore National Laboratory"" AND (building permit OR radiation OR SCIF OR SAPF OR classified) site:.gov",Permit portals,SCIF/SAPF construction; radiation work areas,Capture docket/permit IDs; link to PIIDs if visible
Oak Ridge National Laboratory,DOE/NNSA FFRDC,SAM.gov (Awards & Attachments),"(""special tooling"" OR ""special test equipment"" OR GFP OR 52.245-1 OR ""DD Form 254"" OR DoDM 5205.07 OR JSIG OR ""ICS 705"" OR SAPF OR SCIF) AND ""Oak Ridge National Laboratory""",FY2010–present; Award→Attchs; Data Bank export,GFP; FAR 52.245-1; IUID/UID; DFARS 252.211-7003; Novation/Change-of-Name FAR 42.12/42.1204; DD 254; DoDM 5205.07; ICS/ICD 705; JSIG; SAPF/SCIF; J&A FAR 6.3; D&F FAR 1.7; UEI/DUNS/CAGE crosswalk,Export artifacts; score with escalation matrix; promote ≥6 to FOIA
Oak Ridge National Laboratory,DOE/NNSA FFRDC,USAspending (Award → Mod History),"Awardee = ""Oak Ridge National Laboratory"" (or filter by PIID/IDV) → review Mod Reason/Narrative for GFP/IUID/Novation; export modification history",FY2010–present; bind around M&A/org churn,GFP; FAR 52.245-1; IUID/UID; DFARS 252.211-7003; Novation/Change-of-Name FAR 42.12/42.1204; DD 254; DoDM 5205.07; ICS/ICD 705; JSIG; SAPF/SCIF; J&A FAR 6.3; D&F FAR 1.7; UEI/DUNS/CAGE crosswalk,Export artifacts; score with escalation matrix; promote ≥6 to FOIA
Oak Ridge National Laboratory,DOE/NNSA FFRDC,FPDS (legacy ezSearch),"""Oak Ridge National Laboratory"" in ezSearch; inspect PIID/IDV structure; pull SF-30 mod list and clause text",Legacy → clause text & SF-30 mod list,GFP; FAR 52.245-1; IUID/UID; DFARS 252.211-7003; Novation/Change-of-Name FAR 42.12/42.1204; DD 254; DoDM 5205.07; ICS/ICD 705; JSIG; SAPF/SCIF; J&A FAR 6.3; D&F FAR 1.7; UEI/DUNS/CAGE crosswalk,Export artifacts; score with escalation matrix; promote ≥6 to FOIA
Oak Ridge National Laboratory,DOE/NNSA FFRDC,GAO Bid Protests,"""Oak Ridge National Laboratory"" AND (protest OR sustain OR deny)",Pull docket → crosswalk PIID & J&A logic,J&A; timeline anchors; evaluation factors,Export artifacts; score with escalation matrix; promote ≥6 to FOIA
Oak Ridge National Laboratory,DOE/NNSA FFRDC,SEC EDGAR (8-K/10-K/Exhibits),"""Oak Ridge National Laboratory"" AND (acquisition OR asset transfer OR novation OR government OR ""U.S. government"")",M&A windows ±180 days,novation schedules; segment moves; facility notes,Export artifacts; score with escalation matrix; promote ≥6 to FOIA
Oak Ridge National Laboratory,DOE/NNSA FFRDC,Delaware SOS (Entity Search),"""Oak Ridge National Laboratory""",Around mod clusters / novations,conversions; mergers; name changes,Export artifacts; score with escalation matrix; promote ≥6 to FOIA
Oak Ridge National Laboratory,DOE/NNSA FFRDC,IRS 990 (if applicable),"""Oak Ridge National Laboratory"" site:irs.gov OR site:propublica.org",Universities/foundations only,program service revenue; related orgs,Export artifacts; score with escalation matrix; promote ≥6 to FOIA
Oak Ridge National Laboratory,DOE/NNSA FFRDC,Jobs Telemetry,"""Oak Ridge National Laboratory"" AND (""TS/SCI"" OR polygraph OR SAPF OR SCIF OR GEOINT OR ""SE&I"") site:clearancejobs.com OR site:linkedin.com OR site:workdayjobs.com",Last 5–7 yrs,TS/SCI poly; SAPF build-outs; GEOINT SE&I spikes,Export artifacts; score with escalation matrix; promote ≥6 to FOIA
Oak Ridge National Laboratory,DOE/NNSA FFRDC,NRC ADAMS,"""Oak Ridge National Laboratory"" OR site address; filter Part 71, Type B(U), sealed source, license scope changes, temp jobsite approvals",Licenses/Part 71/shipments,sealed source; Type B(U); temp jobsite approvals,Capture docket/permit IDs; link to PIIDs if visible
Oak Ridge National Laboratory,DOE/NNSA FFRDC,DOE OpenNet,"""Oak Ridge National Laboratory"" OR site/campus name; filter for unclassified tech reports with relevant keywords",Unclass tech reports,glovebox; hot cell; shielding materials,Capture docket/permit IDs; link to PIIDs if visible
Oak Ridge National Laboratory,DOE/NNSA FFRDC,FRPP (Real Property),"""Oak Ridge National Laboratory"" OR site/campus name in FRPP; compare YOY adds/removals/status/mission use",YOY property deltas,mission use; status change; new facility,Capture docket/permit IDs; link to PIIDs if visible
Oak Ridge National Laboratory,DOE/NNSA FFRDC,PHMSA Approvals/Special Permits,"""Oak Ridge National Laboratory"" AND (""Special Permit"" OR ""Type A"" OR ""Type B(U)"" OR UN 2915 OR UN 2916) site:phmsa.dot.gov",Shipments/packaging,Type A/B(U); UN 2915; UN 2916,Capture docket/permit IDs; link to PIIDs if visible
Oak Ridge National Laboratory,DOE/NNSA FFRDC,Regents/Trustees Agendas,"""Oak Ridge National Laboratory"" AND (radiological OR ""hot cell"" OR glovebox OR ""shielded window"" OR ""lead-lined"" OR ""Class 7 door"" OR ""neutron shielding"" OR ""borated polyethylene"")",Board approvals,radiological lab reno; shielding,Capture docket/permit IDs; link to PIIDs if visible
Oak Ridge National Laboratory,DOE/NNSA FFRDC,City/County Permits,"""Oak Ridge National Laboratory"" AND (building permit OR radiation OR SCIF OR SAPF OR classified) site:.gov",Permit portals,SCIF/SAPF construction; radiation work areas,Capture docket/permit IDs; link to PIIDs if visible
Idaho National Laboratory,DOE/NNSA FFRDC,SAM.gov (Awards & Attachments),"(""special tooling"" OR ""special test equipment"" OR GFP OR 52.245-1 OR ""DD Form 254"" OR DoDM 5205.07 OR JSIG OR ""ICS 705"" OR SAPF OR SCIF) AND ""Idaho National Laboratory""",FY2010–present; Award→Attchs; Data Bank export,GFP; FAR 52.245-1; IUID/UID; DFARS 252.211-7003; Novation/Change-of-Name FAR 42.12/42.1204; DD 254; DoDM 5205.07; ICS/ICD 705; JSIG; SAPF/SCIF; J&A FAR 6.3; D&F FAR 1.7; UEI/DUNS/CAGE crosswalk,Export artifacts; score with escalation matrix; promote ≥6 to FOIA
Idaho National Laboratory,DOE/NNSA FFRDC,USAspending (Award → Mod History),"Awardee = ""Idaho National Laboratory"" (or filter by PIID/IDV) → review Mod Reason/Narrative for GFP/IUID/Novation; export modification history",FY2010–present; bind around M&A/org churn,GFP; FAR 52.245-1; IUID/UID; DFARS 252.211-7003; Novation/Change-of-Name FAR 42.12/42.1204; DD 254; DoDM 5205.07; ICS/ICD 705; JSIG; SAPF/SCIF; J&A FAR 6.3; D&F FAR 1.7; UEI/DUNS/CAGE crosswalk,Export artifacts; score with escalation matrix; promote ≥6 to FOIA
Idaho National Laboratory,DOE/NNSA FFRDC,FPDS (legacy ezSearch),"""Idaho National Laboratory"" in ezSearch; inspect PIID/IDV structure; pull SF-30 mod list and clause text",Legacy → clause text & SF-30 mod list,GFP; FAR 52.245-1; IUID/UID; DFARS 252.211-7003; Novation/Change-of-Name FAR 42.12/42.1204; DD 254; DoDM 5205.07; ICS/ICD 705; JSIG; SAPF/SCIF; J&A FAR 6.3; D&F FAR 1.7; UEI/DUNS/CAGE crosswalk,Export artifacts; score with escalation matrix; promote ≥6 to FOIA
Idaho National Laboratory,DOE/NNSA FFRDC,GAO Bid Protests,"""Idaho National Laboratory"" AND (protest OR sustain OR deny)",Pull docket → crosswalk PIID & J&A logic,J&A; timeline anchors; evaluation factors,Export artifacts; score with escalation matrix; promote ≥6 to FOIA
Idaho National Laboratory,DOE/NNSA FFRDC,SEC EDGAR (8-K/10-K/Exhibits),"""Idaho National Laboratory"" AND (acquisition OR asset transfer OR novation OR government OR ""U.S. government"")",M&A windows ±180 days,novation schedules; segment moves; facility notes,Export artifacts; score with escalation matrix; promote ≥6 to FOIA
Idaho National Laboratory,DOE/NNSA FFRDC,Delaware SOS (Entity Search),"""Idaho National Laboratory""",Around mod clusters / novations,conversions; mergers; name changes,Export artifacts; score with escalation matrix; promote ≥6 to FOIA
Idaho National Laboratory,DOE/NNSA FFRDC,IRS 990 (if applicable),"""Idaho National Laboratory"" site:irs.gov OR site:propublica.org",Universities/foundations only,program service revenue; related orgs,Export artifacts; score with escalation matrix; promote ≥6 to FOIA
Idaho National Laboratory,DOE/NNSA FFRDC,Jobs Telemetry,"""Idaho National Laboratory"" AND (""TS/SCI"" OR polygraph OR SAPF OR SCIF OR GEOINT OR ""SE&I"") site:clearancejobs.com OR site:linkedin.com OR site:workdayjobs.com",Last 5–7 yrs,TS/SCI poly; SAPF build-outs; GEOINT SE&I spikes,Export artifacts; score with escalation matrix; promote ≥6 to FOIA
Idaho National Laboratory,DOE/NNSA FFRDC,NRC ADAMS,"""Idaho National Laboratory"" OR site address; filter Part 71, Type B(U), sealed source, license scope changes, temp jobsite approvals",Licenses/Part 71/shipments,sealed source; Type B(U); temp jobsite approvals,Capture docket/permit IDs; link to PIIDs if visible
Idaho National Laboratory,DOE/NNSA FFRDC,DOE OpenNet,"""Idaho National Laboratory"" OR site/campus name; filter for unclassified tech reports with relevant keywords",Unclass tech reports,glovebox; hot cell; shielding materials,Capture docket/permit IDs; link to PIIDs if visible
Idaho National Laboratory,DOE/NNSA FFRDC,FRPP (Real Property),"""Idaho National Laboratory"" OR site/campus name in FRPP; compare YOY adds/removals/status/mission use",YOY property deltas,mission use; status change; new facility,Capture docket/permit IDs; link to PIIDs if visible
Idaho National Laboratory,DOE/NNSA FFRDC,PHMSA Approvals/Special Permits,"""Idaho National Laboratory"" AND (""Special Permit"" OR ""Type A"" OR ""Type B(U)"" OR UN 2915 OR UN 2916) site:phmsa.dot.gov",Shipments/packaging,Type A/B(U); UN 2915; UN 2916,Capture docket/permit IDs; link to PIIDs if visible
Idaho National Laboratory,DOE/NNSA FFRDC,Regents/Trustees Agendas,"""Idaho National Laboratory"" AND (radiological OR ""hot cell"" OR glovebox OR ""shielded window"" OR ""lead-lined"" OR ""Class 7 door"" OR ""neutron shielding"" OR ""borated polyethylene"")",Board approvals,radiological lab reno; shielding,Capture docket/permit IDs; link to PIIDs if visible
Idaho National Laboratory,DOE/NNSA FFRDC,City/County Permits,"""Idaho National Laboratory"" AND (building permit OR radiation OR SCIF OR SAPF OR classified) site:.gov",Permit portals,SCIF/SAPF construction; radiation work areas,Capture docket/permit IDs; link to PIIDs if visible
Argonne National Laboratory,DOE/NNSA FFRDC,SAM.gov (Awards & Attachments),"(""special tooling"" OR ""special test equipment"" OR GFP OR 52.245-1 OR ""DD Form 254"" OR DoDM 5205.07 OR JSIG OR ""ICS 705"" OR SAPF OR SCIF) AND ""Argonne National Laboratory""",FY2010–present; Award→Attchs; Data Bank export,GFP; FAR 52.245-1; IUID/UID; DFARS 252.211-7003; Novation/Change-of-Name FAR 42.12/42.1204; DD 254; DoDM 5205.07; ICS/ICD 705; JSIG; SAPF/SCIF; J&A FAR 6.3; D&F FAR 1.7; UEI/DUNS/CAGE crosswalk,Export artifacts; score with escalation matrix; promote ≥6 to FOIA
Argonne National Laboratory,DOE/NNSA FFRDC,USAspending (Award → Mod History),"Awardee = ""Argonne National Laboratory"" (or filter by PIID/IDV) → review Mod Reason/Narrative for GFP/IUID/Novation; export modification history",FY2010–present; bind around M&A/org churn,GFP; FAR 52.245-1; IUID/UID; DFARS 252.211-7003; Novation/Change-of-Name FAR 42.12/42.1204; DD 254; DoDM 5205.07; ICS/ICD 705; JSIG; SAPF/SCIF; J&A FAR 6.3; D&F FAR 1.7; UEI/DUNS/CAGE crosswalk,Export artifacts; score with escalation matrix; promote ≥6 to FOIA
Argonne National Laboratory,DOE/NNSA FFRDC,FPDS (legacy ezSearch),"""Argonne National Laboratory"" in ezSearch; inspect PIID/IDV structure; pull SF-30 mod list and clause text",Legacy → clause text & SF-30 mod list,GFP; FAR 52.245-1; IUID/UID; DFARS 252.211-7003; Novation/Change-of-Name FAR 42.12/42.1204; DD 254; DoDM 5205.07; ICS/ICD 705; JSIG; SAPF/SCIF; J&A FAR 6.3; D&F FAR 1.7; UEI/DUNS/CAGE crosswalk,Export artifacts; score with escalation matrix; promote ≥6 to FOIA
Argonne National Laboratory,DOE/NNSA FFRDC,GAO Bid Protests,"""Argonne National Laboratory"" AND (protest OR sustain OR deny)",Pull docket → crosswalk PIID & J&A logic,J&A; timeline anchors; evaluation factors,Export artifacts; score with escalation matrix; promote ≥6 to FOIA
Argonne National Laboratory,DOE/NNSA FFRDC,SEC EDGAR (8-K/10-K/Exhibits),"""Argonne National Laboratory"" AND (acquisition OR asset transfer OR novation OR government OR ""U.S. government"")",M&A windows ±180 days,novation schedules; segment moves; facility notes,Export artifacts; score with escalation matrix; promote ≥6 to FOIA
Argonne National Laboratory,DOE/NNSA FFRDC,Delaware SOS (Entity Search),"""Argonne National Laboratory""",Around mod clusters / novations,conversions; mergers; name changes,Export artifacts; score with escalation matrix; promote ≥6 to FOIA
Argonne National Laboratory,DOE/NNSA FFRDC,IRS 990 (if applicable),"""Argonne National Laboratory"" site:irs.gov OR site:propublica.org",Universities/foundations only,program service revenue; related orgs,Export artifacts; score with escalation matrix; promote ≥6 to FOIA
Argonne National Laboratory,DOE/NNSA FFRDC,Jobs Telemetry,"""Argonne National Laboratory"" AND (""TS/SCI"" OR polygraph OR SAPF OR SCIF OR GEOINT OR ""SE&I"") site:clearancejobs.com OR site:linkedin.com OR site:workdayjobs.com",Last 5–7 yrs,TS/SCI poly; SAPF build-outs; GEOINT SE&I spikes,Export artifacts; score with escalation matrix; promote ≥6 to FOIA
Argonne National Laboratory,DOE/NNSA FFRDC,NRC ADAMS,"""Argonne National Laboratory"" OR site address; filter Part 71, Type B(U), sealed source, license scope changes, temp jobsite approvals",Licenses/Part 71/shipments,sealed source; Type B(U); temp jobsite approvals,Capture docket/permit IDs; link to PIIDs if visible
Argonne National Laboratory,DOE/NNSA FFRDC,DOE OpenNet,"""Argonne National Laboratory"" OR site/campus name; filter for unclassified tech reports with relevant keywords",Unclass tech reports,glovebox; hot cell; shielding materials,Capture docket/permit IDs; link to PIIDs if visible
Argonne National Laboratory,DOE/NNSA FFRDC,FRPP (Real Property),"""Argonne National Laboratory"" OR site/campus name in FRPP; compare YOY adds/removals/status/mission use",YOY property deltas,mission use; status change; new facility,Capture docket/permit IDs; link to PIIDs if visible
Argonne National Laboratory,DOE/NNSA FFRDC,PHMSA Approvals/Special Permits,"""Argonne National Laboratory"" AND (""Special Permit"" OR ""Type A"" OR ""Type B(U)"" OR UN 2915 OR UN 2916) site:phmsa.dot.gov",Shipments/packaging,Type A/B(U); UN 2915; UN 2916,Capture docket/permit IDs; link to PIIDs if visible
Argonne National Laboratory,DOE/NNSA FFRDC,Regents/Trustees Agendas,"""Argonne National Laboratory"" AND (radiological OR ""hot cell"" OR glovebox OR ""shielded window"" OR ""lead-lined"" OR ""Class 7 door"" OR ""neutron shielding"" OR ""borated polyethylene"")",Board approvals,radiological lab reno; shielding,Capture docket/permit IDs; link to PIIDs if visible
Argonne National Laboratory,DOE/NNSA FFRDC,City/County Permits,"""Argonne National Laboratory"" AND (building permit OR radiation OR SCIF OR SAPF OR classified) site:.gov",Permit portals,SCIF/SAPF construction; radiation work areas,Capture docket/permit IDs; link to PIIDs if visible
Pacific Northwest National Laboratory,DOE/NNSA FFRDC,SAM.gov (Awards & Attachments),"(""special tooling"" OR ""special test equipment"" OR GFP OR 52.245-1 OR ""DD Form 254"" OR DoDM 5205.07 OR JSIG OR ""ICS 705"" OR SAPF OR SCIF) AND ""Pacific Northwest National Laboratory""",FY2010–present; Award→Attchs; Data Bank export,GFP; FAR 52.245-1; IUID/UID; DFARS 252.211-7003; Novation/Change-of-Name FAR 42.12/42.1204; DD 254; DoDM 5205.07; ICS/ICD 705; JSIG; SAPF/SCIF; J&A FAR 6.3; D&F FAR 1.7; UEI/DUNS/CAGE crosswalk,Export artifacts; score with escalation matrix; promote ≥6 to FOIA
Pacific Northwest National Laboratory,DOE/NNSA FFRDC,USAspending (Award → Mod History),"Awardee = ""Pacific Northwest National Laboratory"" (or filter by PIID/IDV) → review Mod Reason/Narrative for GFP/IUID/Novation; export modification history",FY2010–present; bind around M&A/org churn,GFP; FAR 52.245-1; IUID/UID; DFARS 252.211-7003; Novation/Change-of-Name FAR 42.12/42.1204; DD 254; DoDM 5205.07; ICS/ICD 705; JSIG; SAPF/SCIF; J&A FAR 6.3; D&F FAR 1.7; UEI/DUNS/CAGE crosswalk,Export artifacts; score with escalation matrix; promote ≥6 to FOIA
Pacific Northwest National Laboratory,DOE/NNSA FFRDC,FPDS (legacy ezSearch),"""Pacific Northwest National Laboratory"" in ezSearch; inspect PIID/IDV structure; pull SF-30 mod list and clause text",Legacy → clause text & SF-30 mod list,GFP; FAR 52.245-1; IUID/UID; DFARS 252.211-7003; Novation/Change-of-Name FAR 42.12/42.1204; DD 254; DoDM 5205.07; ICS/ICD 705; JSIG; SAPF/SCIF; J&A FAR 6.3; D&F FAR 1.7; UEI/DUNS/CAGE crosswalk,Export artifacts; score with escalation matrix; promote ≥6 to FOIA
Pacific Northwest National Laboratory,DOE/NNSA FFRDC,GAO Bid Protests,"""Pacific Northwest National Laboratory"" AND (protest OR sustain OR deny)",Pull docket → crosswalk PIID & J&A logic,J&A; timeline anchors; evaluation factors,Export artifacts; score with escalation matrix; promote ≥6 to FOIA
Pacific Northwest National Laboratory,DOE/NNSA FFRDC,SEC EDGAR (8-K/10-K/Exhibits),"""Pacific Northwest National Laboratory"" AND (acquisition OR asset transfer OR novation OR government OR ""U.S. government"")",M&A windows ±180 days,novation schedules; segment moves; facility notes,Export artifacts; score with escalation matrix; promote ≥6 to FOIA
Pacific Northwest National Laboratory,DOE/NNSA FFRDC,Delaware SOS (Entity Search),"""Pacific Northwest National Laboratory""",Around mod clusters / novations,conversions; mergers; name changes,Export artifacts; score with escalation matrix; promote ≥6 to FOIA
Pacific Northwest National Laboratory,DOE/NNSA FFRDC,IRS 990 (if applicable),"""Pacific Northwest National Laboratory"" site:irs.gov OR site:propublica.org",Universities/foundations only,program service revenue; related orgs,Export artifacts; score with escalation matrix; promote ≥6 to FOIA
Pacific Northwest National Laboratory,DOE/NNSA FFRDC,Jobs Telemetry,"""Pacific Northwest National Laboratory"" AND (""TS/SCI"" OR polygraph OR SAPF OR SCIF OR GEOINT OR ""SE&I"") site:clearancejobs.com OR site:linkedin.com OR site:workdayjobs.com",Last 5–7 yrs,TS/SCI poly; SAPF build-outs; GEOINT SE&I spikes,Export artifacts; score with escalation matrix; promote ≥6 to FOIA
Pacific Northwest National Laboratory,DOE/NNSA FFRDC,NRC ADAMS,"""Pacific Northwest National Laboratory"" OR site address; filter Part 71, Type B(U), sealed source, license scope changes, temp jobsite approvals",Licenses/Part 71/shipments,sealed source; Type B(U); temp jobsite approvals,Capture docket/permit IDs; link to PIIDs if visible
Pacific Northwest National Laboratory,DOE/NNSA FFRDC,DOE OpenNet,"""Pacific Northwest National Laboratory"" OR site/campus name; filter for unclassified tech reports with relevant keywords",Unclass tech reports,glovebox; hot cell; shielding materials,Capture docket/permit IDs; link to PIIDs if visible
Pacific Northwest National Laboratory,DOE/NNSA FFRDC,FRPP (Real Property),"""Pacific Northwest National Laboratory"" OR site/campus name in FRPP; compare YOY adds/removals/status/mission use",YOY property deltas,mission use; status change; new facility,Capture docket/permit IDs; link to PIIDs if visible
Pacific Northwest National Laboratory,DOE/NNSA FFRDC,PHMSA Approvals/Special Permits,"""Pacific Northwest National Laboratory"" AND (""Special Permit"" OR ""Type A"" OR ""Type B(U)"" OR UN 2915 OR UN 2916) site:phmsa.dot.gov",Shipments/packaging,Type A/B(U); UN 2915; UN 2916,Capture docket/permit IDs; link to PIIDs if visible
Pacific Northwest National Laboratory,DOE/NNSA FFRDC,Regents/Trustees Agendas,"""Pacific Northwest National Laboratory"" AND (radiological OR ""hot cell"" OR glovebox OR ""shielded window"" OR ""lead-lined"" OR ""Class 7 door"" OR ""neutron shielding"" OR ""borated polyethylene"")",Board approvals,radiological lab reno; shielding,Capture docket/permit IDs; link to PIIDs if visible
Pacific Northwest National Laboratory,DOE/NNSA FFRDC,City/County Permits,"""Pacific Northwest National Laboratory"" AND (building permit OR radiation OR SCIF OR SAPF OR classified) site:.gov",Permit portals,SCIF/SAPF construction; radiation work areas,Capture docket/permit IDs; link to PIIDs if visible
Brookhaven National Laboratory,DOE/NNSA FFRDC,SAM.gov (Awards & Attachments),"(""special tooling"" OR ""special test equipment"" OR GFP OR 52.245-1 OR ""DD Form 254"" OR DoDM 5205.07 OR JSIG OR ""ICS 705"" OR SAPF OR SCIF) AND ""Brookhaven National Laboratory""",FY2010–present; Award→Attchs; Data Bank export,GFP; FAR 52.245-1; IUID/UID; DFARS 252.211-7003; Novation/Change-of-Name FAR 42.12/42.1204; DD 254; DoDM 5205.07; ICS/ICD 705; JSIG; SAPF/SCIF; J&A FAR 6.3; D&F FAR 1.7; UEI/DUNS/CAGE crosswalk,Export artifacts; score with escalation matrix; promote ≥6 to FOIA
Brookhaven National Laboratory,DOE/NNSA FFRDC,USAspending (Award → Mod History),"Awardee = ""Brookhaven National Laboratory"" (or filter by PIID/IDV) → review Mod Reason/Narrative for GFP/IUID/Novation; export modification history",FY2010–present; bind around M&A/org churn,GFP; FAR 52.245-1; IUID/UID; DFARS 252.211-7003; Novation/Change-of-Name FAR 42.12/42.1204; DD 254; DoDM 5205.07; ICS/ICD 705; JSIG; SAPF/SCIF; J&A FAR 6.3; D&F FAR 1.7; UEI/DUNS/CAGE crosswalk,Export artifacts; score with escalation matrix; promote ≥6 to FOIA
Brookhaven National Laboratory,DOE/NNSA FFRDC,FPDS (legacy ezSearch),"""Brookhaven National Laboratory"" in ezSearch; inspect PIID/IDV structure; pull SF-30 mod list and clause text",Legacy → clause text & SF-30 mod list,GFP; FAR 52.245-1; IUID/UID; DFARS 252.211-7003; Novation/Change-of-Name FAR 42.12/42.1204; DD 254; DoDM 5205.07; ICS/ICD 705; JSIG; SAPF/SCIF; J&A FAR 6.3; D&F FAR 1.7; UEI/DUNS/CAGE crosswalk,Export artifacts; score with escalation matrix; promote ≥6 to FOIA
Brookhaven National Laboratory,DOE/NNSA FFRDC,GAO Bid Protests,"""Brookhaven National Laboratory"" AND (protest OR sustain OR deny)",Pull docket → crosswalk PIID & J&A logic,J&A; timeline anchors; evaluation factors,Export artifacts; score with escalation matrix; promote ≥6 to FOIA
Brookhaven National Laboratory,DOE/NNSA FFRDC,SEC EDGAR (8-K/10-K/Exhibits),"""Brookhaven National Laboratory"" AND (acquisition OR asset transfer OR novation OR government OR ""U.S. government"")",M&A windows ±180 days,novation schedules; segment moves; facility notes,Export artifacts; score with escalation matrix; promote ≥6 to FOIA
Brookhaven National Laboratory,DOE/NNSA FFRDC,Delaware SOS (Entity Search),"""Brookhaven National Laboratory""",Around mod clusters / novations,conversions; mergers; name changes,Export artifacts; score with escalation matrix; promote ≥6 to FOIA
Brookhaven National Laboratory,DOE/NNSA FFRDC,IRS 990 (if applicable),"""Brookhaven National Laboratory"" site:irs.gov OR site:propublica.org",Universities/foundations only,program service revenue; related orgs,Export artifacts; score with escalation matrix; promote ≥6 to FOIA
Brookhaven National Laboratory,DOE/NNSA FFRDC,Jobs Telemetry,"""Brookhaven National Laboratory"" AND (""TS/SCI"" OR polygraph OR SAPF OR SCIF OR GEOINT OR ""SE&I"") site:clearancejobs.com OR site:linkedin.com OR site:workdayjobs.com",Last 5–7 yrs,TS/SCI poly; SAPF build-outs; GEOINT SE&I spikes,Export artifacts; score with escalation matrix; promote ≥6 to FOIA
Brookhaven National Laboratory,DOE/NNSA FFRDC,NRC ADAMS,"""Brookhaven National Laboratory"" OR site address; filter Part 71, Type B(U), sealed source, license scope changes, temp jobsite approvals",Licenses/Part 71/shipments,sealed source; Type B(U); temp jobsite approvals,Capture docket/permit IDs; link to PIIDs if visible
Brookhaven National Laboratory,DOE/NNSA FFRDC,DOE OpenNet,"""Brookhaven National Laboratory"" OR site/campus name; filter for unclassified tech reports with relevant keywords",Unclass tech reports,glovebox; hot cell; shielding materials,Capture docket/permit IDs; link to PIIDs if visible
Brookhaven National Laboratory,DOE/NNSA FFRDC,FRPP (Real Property),"""Brookhaven National Laboratory"" OR site/campus name in FRPP; compare YOY adds/removals/status/mission use",YOY property deltas,mission use; status change; new facility,Capture docket/permit IDs; link to PIIDs if visible
Brookhaven National Laboratory,DOE/NNSA FFRDC,PHMSA Approvals/Special Permits,"""Brookhaven National Laboratory"" AND (""Special Permit"" OR ""Type A"" OR ""Type B(U)"" OR UN 2915 OR UN 2916) site:phmsa.dot.gov",Shipments/packaging,Type A/B(U); UN 2915; UN 2916,Capture docket/permit IDs; link to PIIDs if visible
Brookhaven National Laboratory,DOE/NNSA FFRDC,Regents/Trustees Agendas,"""Brookhaven National Laboratory"" AND (radiological OR ""hot cell"" OR glovebox OR ""shielded window"" OR ""lead-lined"" OR ""Class 7 door"" OR ""neutron shielding"" OR ""borated polyethylene"")",Board approvals,radiological lab reno; shielding,Capture docket/permit IDs; link to PIIDs if visible
Brookhaven National Laboratory,DOE/NNSA FFRDC,City/County Permits,"""Brookhaven National Laboratory"" AND (building permit OR radiation OR SCIF OR SAPF OR classified) site:.gov",Permit portals,SCIF/SAPF construction; radiation work areas,Capture docket/permit IDs; link to PIIDs if visible
National Renewable Energy Laboratory,DOE/NNSA FFRDC,SAM.gov (Awards & Attachments),"(""special tooling"" OR ""special test equipment"" OR GFP OR 52.245-1 OR ""DD Form 254"" OR DoDM 5205.07 OR JSIG OR ""ICS 705"" OR SAPF OR SCIF) AND ""National Renewable Energy Laboratory""",FY2010–present; Award→Attchs; Data Bank export,GFP; FAR 52.245-1; IUID/UID; DFARS 252.211-7003; Novation/Change-of-Name FAR 42.12/42.1204; DD 254; DoDM 5205.07; ICS/ICD 705; JSIG; SAPF/SCIF; J&A FAR 6.3; D&F FAR 1.7; UEI/DUNS/CAGE crosswalk,Export artifacts; score with escalation matrix; promote ≥6 to FOIA
National Renewable Energy Laboratory,DOE/NNSA FFRDC,USAspending (Award → Mod History),"Awardee = ""National Renewable Energy Laboratory"" (or filter by PIID/IDV) → review Mod Reason/Narrative for GFP/IUID/Novation; export modification history",FY2010–present; bind around M&A/org churn,GFP; FAR 52.245-1; IUID/UID; DFARS 252.211-7003; Novation/Change-of-Name FAR 42.12/42.1204; DD 254; DoDM 5205.07; ICS/ICD 705; JSIG; SAPF/SCIF; J&A FAR 6.3; D&F FAR 1.7; UEI/DUNS/CAGE crosswalk,Export artifacts; score with escalation matrix; promote ≥6 to FOIA
National Renewable Energy Laboratory,DOE/NNSA FFRDC,FPDS (legacy ezSearch),"""National Renewable Energy Laboratory"" in ezSearch; inspect PIID/IDV structure; pull SF-30 mod list and clause text",Legacy → clause text & SF-30 mod list,GFP; FAR 52.245-1; IUID/UID; DFARS 252.211-7003; Novation/Change-of-Name FAR 42.12/42.1204; DD 254; DoDM 5205.07; ICS/ICD 705; JSIG; SAPF/SCIF; J&A FAR 6.3; D&F FAR 1.7; UEI/DUNS/CAGE crosswalk,Export artifacts; score with escalation matrix; promote ≥6 to FOIA
National Renewable Energy Laboratory,DOE/NNSA FFRDC,GAO Bid Protests,"""National Renewable Energy Laboratory"" AND (protest OR sustain OR deny)",Pull docket → crosswalk PIID & J&A logic,J&A; timeline anchors; evaluation factors,Export artifacts; score with escalation matrix; promote ≥6 to FOIA
National Renewable Energy Laboratory,DOE/NNSA FFRDC,SEC EDGAR (8-K/10-K/Exhibits),"""National Renewable Energy Laboratory"" AND (acquisition OR asset transfer OR novation OR government OR ""U.S. government"")",M&A windows ±180 days,novation schedules; segment moves; facility notes,Export artifacts; score with escalation matrix; promote ≥6 to FOIA
National Renewable Energy Laboratory,DOE/NNSA FFRDC,Delaware SOS (Entity Search),"""National Renewable Energy Laboratory""",Around mod clusters / novations,conversions; mergers; name changes,Export artifacts; score with escalation matrix; promote ≥6 to FOIA
National Renewable Energy Laboratory,DOE/NNSA FFRDC,IRS 990 (if applicable),"""National Renewable Energy Laboratory"" site:irs.gov OR site:propublica.org",Universities/foundations only,program service revenue; related orgs,Export artifacts; score with escalation matrix; promote ≥6 to FOIA
National Renewable Energy Laboratory,DOE/NNSA FFRDC,Jobs Telemetry,"""National Renewable Energy Laboratory"" AND (""TS/SCI"" OR polygraph OR SAPF OR SCIF OR GEOINT OR ""SE&I"") site:clearancejobs.com OR site:linkedin.com OR site:workdayjobs.com",Last 5–7 yrs,TS/SCI poly; SAPF build-outs; GEOINT SE&I spikes,Export artifacts; score with escalation matrix; promote ≥6 to FOIA
National Renewable Energy Laboratory,DOE/NNSA FFRDC,NRC ADAMS,"""National Renewable Energy Laboratory"" OR site address; filter Part 71, Type B(U), sealed source, license scope changes, temp jobsite approvals",Licenses/Part 71/shipments,sealed source; Type B(U); temp jobsite approvals,Capture docket/permit IDs; link to PIIDs if visible
National Renewable Energy Laboratory,DOE/NNSA FFRDC,DOE OpenNet,"""National Renewable Energy Laboratory"" OR site/campus name; filter for unclassified tech reports with relevant keywords",Unclass tech reports,glovebox; hot cell; shielding materials,Capture docket/permit IDs; link to PIIDs if visible
National Renewable Energy Laboratory,DOE/NNSA FFRDC,FRPP (Real Property),"""National Renewable Energy Laboratory"" OR site/campus name in FRPP; compare YOY adds/removals/status/mission use",YOY property deltas,mission use; status change; new facility,Capture docket/permit IDs; link to PIIDs if visible
National Renewable Energy Laboratory,DOE/NNSA FFRDC,PHMSA Approvals/Special Permits,"""National Renewable Energy Laboratory"" AND (""Special Permit"" OR ""Type A"" OR ""Type B(U)"" OR UN 2915 OR UN 2916) site:phmsa.dot.gov",Shipments/packaging,Type A/B(U); UN 2915; UN 2916,Capture docket/permit IDs; link to PIIDs if visible
National Renewable Energy Laboratory,DOE/NNSA FFRDC,Regents/Trustees Agendas,"""National Renewable Energy Laboratory"" AND (radiological OR ""hot cell"" OR glovebox OR ""shielded window"" OR ""lead-lined"" OR ""Class 7 door"" OR ""neutron shielding"" OR ""borated polyethylene"")",Board approvals,radiological lab reno; shielding,Capture docket/permit IDs; link to PIIDs if visible
National Renewable Energy Laboratory,DOE/NNSA FFRDC,City/County Permits,"""National Renewable Energy Laboratory"" AND (building permit OR radiation OR SCIF OR SAPF OR classified) site:.gov",Permit portals,SCIF/SAPF construction; radiation work areas,Capture docket/permit IDs; link to PIIDs if visible
MITRE Corporation,DoD/IC FFRDC,SAM.gov (Awards & Attachments),"(""special tooling"" OR ""special test equipment"" OR GFP OR 52.245-1 OR ""DD Form 254"" OR DoDM 5205.07 OR JSIG OR ""ICS 705"" OR SAPF OR SCIF) AND ""MITRE Corporation""",FY2010–present; Award→Attchs; Data Bank export,GFP; FAR 52.245-1; IUID/UID; DFARS 252.211-7003; Novation/Change-of-Name FAR 42.12/42.1204; DD 254; DoDM 5205.07; ICS/ICD 705; JSIG; SAPF/SCIF; J&A FAR 6.3; D&F FAR 1.7; UEI/DUNS/CAGE crosswalk,Export artifacts; score with escalation matrix; promote ≥6 to FOIA
MITRE Corporation,DoD/IC FFRDC,USAspending (Award → Mod History),"Awardee = ""MITRE Corporation"" (or filter by PIID/IDV) → review Mod Reason/Narrative for GFP/IUID/Novation; export modification history",FY2010–present; bind around M&A/org churn,GFP; FAR 52.245-1; IUID/UID; DFARS 252.211-7003; Novation/Change-of-Name FAR 42.12/42.1204; DD 254; DoDM 5205.07; ICS/ICD 705; JSIG; SAPF/SCIF; J&A FAR 6.3; D&F FAR 1.7; UEI/DUNS/CAGE crosswalk,Export artifacts; score with escalation matrix; promote ≥6 to FOIA
MITRE Corporation,DoD/IC FFRDC,FPDS (legacy ezSearch),"""MITRE Corporation"" in ezSearch; inspect PIID/IDV structure; pull SF-30 mod list and clause text",Legacy → clause text & SF-30 mod list,GFP; FAR 52.245-1; IUID/UID; DFARS 252.211-7003; Novation/Change-of-Name FAR 42.12/42.1204; DD 254; DoDM 5205.07; ICS/ICD 705; JSIG; SAPF/SCIF; J&A FAR 6.3; D&F FAR 1.7; UEI/DUNS/CAGE crosswalk,Export artifacts; score with escalation matrix; promote ≥6 to FOIA
MITRE Corporation,DoD/IC FFRDC,GAO Bid Protests,"""MITRE Corporation"" AND (protest OR sustain OR deny)",Pull docket → crosswalk PIID & J&A logic,J&A; timeline anchors; evaluation factors,Export artifacts; score with escalation matrix; promote ≥6 to FOIA
MITRE Corporation,DoD/IC FFRDC,SEC EDGAR (8-K/10-K/Exhibits),"""MITRE Corporation"" AND (acquisition OR asset transfer OR novation OR government OR ""U.S. government"")",M&A windows ±180 days,novation schedules; segment moves; facility notes,Export artifacts; score with escalation matrix; promote ≥6 to FOIA
MITRE Corporation,DoD/IC FFRDC,Delaware SOS (Entity Search),"""MITRE Corporation""",Around mod clusters / novations,conversions; mergers; name changes,Export artifacts; score with escalation matrix; promote ≥6 to FOIA
MITRE Corporation,DoD/IC FFRDC,IRS 990 (if applicable),"""MITRE Corporation"" site:irs.gov OR site:propublica.org",Universities/foundations only,program service revenue; related orgs,Export artifacts; score with escalation matrix; promote ≥6 to FOIA
MITRE Corporation,DoD/IC FFRDC,Jobs Telemetry,"""MITRE Corporation"" AND (""TS/SCI"" OR polygraph OR SAPF OR SCIF OR GEOINT OR ""SE&I"") site:clearancejobs.com OR site:linkedin.com OR site:workdayjobs.com",Last 5–7 yrs,TS/SCI poly; SAPF build-outs; GEOINT SE&I spikes,Export artifacts; score with escalation matrix; promote ≥6 to FOIA
The Aerospace Corporation,DoD/IC FFRDC,SAM.gov (Awards & Attachments),"(""special tooling"" OR ""special test equipment"" OR GFP OR 52.245-1 OR ""DD Form 254"" OR DoDM 5205.07 OR JSIG OR ""ICS 705"" OR SAPF OR SCIF) AND ""The Aerospace Corporation""",FY2010–present; Award→Attchs; Data Bank export,GFP; FAR 52.245-1; IUID/UID; DFARS 252.211-7003; Novation/Change-of-Name FAR 42.12/42.1204; DD 254; DoDM 5205.07; ICS/ICD 705; JSIG; SAPF/SCIF; J&A FAR 6.3; D&F FAR 1.7; UEI/DUNS/CAGE crosswalk,Export artifacts; score with escalation matrix; promote ≥6 to FOIA
The Aerospace Corporation,DoD/IC FFRDC,USAspending (Award → Mod History),"Awardee = ""The Aerospace Corporation"" (or filter by PIID/IDV) → review Mod Reason/Narrative for GFP/IUID/Novation; export modification history",FY2010–present; bind around M&A/org churn,GFP; FAR 52.245-1; IUID/UID; DFARS 252.211-7003; Novation/Change-of-Name FAR 42.12/42.1204; DD 254; DoDM 5205.07; ICS/ICD 705; JSIG; SAPF/SCIF; J&A FAR 6.3; D&F FAR 1.7; UEI/DUNS/CAGE crosswalk,Export artifacts; score with escalation matrix; promote ≥6 to FOIA
The Aerospace Corporation,DoD/IC FFRDC,FPDS (legacy ezSearch),"""The Aerospace Corporation"" in ezSearch; inspect PIID/IDV structure; pull SF-30 mod list and clause text",Legacy → clause text & SF-30 mod list,GFP; FAR 52.245-1; IUID/UID; DFARS 252.211-7003; Novation/Change-of-Name FAR 42.12/42.1204; DD 254; DoDM 5205.07; ICS/ICD 705; JSIG; SAPF/SCIF; J&A FAR 6.3; D&F FAR 1.7; UEI/DUNS/CAGE crosswalk,Export artifacts; score with escalation matrix; promote ≥6 to FOIA
The Aerospace Corporation,DoD/IC FFRDC,GAO Bid Protests,"""The Aerospace Corporation"" AND (protest OR sustain OR deny)",Pull docket → crosswalk PIID & J&A logic,J&A; timeline anchors; evaluation factors,Export artifacts; score with escalation matrix; promote ≥6 to FOIA
The Aerospace Corporation,DoD/IC FFRDC,SEC EDGAR (8-K/10-K/Exhibits),"""The Aerospace Corporation"" AND (acquisition OR asset transfer OR novation OR government OR ""U.S. government"")",M&A windows ±180 days,novation schedules; segment moves; facility notes,Export artifacts; score with escalation matrix; promote ≥6 to FOIA
The Aerospace Corporation,DoD/IC FFRDC,Delaware SOS (Entity Search),"""The Aerospace Corporation""",Around mod clusters / novations,conversions; mergers; name changes,Export artifacts; score with escalation matrix; promote ≥6 to FOIA
The Aerospace Corporation,DoD/IC FFRDC,IRS 990 (if applicable),"""The Aerospace Corporation"" site:irs.gov OR site:propublica.org",Universities/foundations only,program service revenue; related orgs,Export artifacts; score with escalation matrix; promote ≥6 to FOIA
The Aerospace Corporation,DoD/IC FFRDC,Jobs Telemetry,"""The Aerospace Corporation"" AND (""TS/SCI"" OR polygraph OR SAPF OR SCIF OR GEOINT OR ""SE&I"") site:clearancejobs.com OR site:linkedin.com OR site:workdayjobs.com",Last 5–7 yrs,TS/SCI poly; SAPF build-outs; GEOINT SE&I spikes,Export artifacts; score with escalation matrix; promote ≥6 to FOIA
Institute for Defense Analyses (IDA),DoD/IC FFRDC,SAM.gov (Awards & Attachments),"(""special tooling"" OR ""special test equipment"" OR GFP OR 52.245-1 OR ""DD Form 254"" OR DoDM 5205.07 OR JSIG OR ""ICS 705"" OR SAPF OR SCIF) AND ""Institute for Defense Analyses (IDA)""",FY2010–present; Award→Attchs; Data Bank export,GFP; FAR 52.245-1; IUID/UID; DFARS 252.211-7003; Novation/Change-of-Name FAR 42.12/42.1204; DD 254; DoDM 5205.07; ICS/ICD 705; JSIG; SAPF/SCIF; J&A FAR 6.3; D&F FAR 1.7; UEI/DUNS/CAGE crosswalk,Export artifacts; score with escalation matrix; promote ≥6 to FOIA
Institute for Defense Analyses (IDA),DoD/IC FFRDC,USAspending (Award → Mod History),"Awardee = ""Institute for Defense Analyses (IDA)"" (or filter by PIID/IDV) → review Mod Reason/Narrative for GFP/IUID/Novation; export modification history",FY2010–present; bind around M&A/org churn,GFP; FAR 52.245-1; IUID/UID; DFARS 252.211-7003; Novation/Change-of-Name FAR 42.12/42.1204; DD 254; DoDM 5205.07; ICS/ICD 705; JSIG; SAPF/SCIF; J&A FAR 6.3; D&F FAR 1.7; UEI/DUNS/CAGE crosswalk,Export artifacts; score with escalation matrix; promote ≥6 to FOIA
Institute for Defense Analyses (IDA),DoD/IC FFRDC,FPDS (legacy ezSearch),"""Institute for Defense Analyses (IDA)"" in ezSearch; inspect PIID/IDV structure; pull SF-30 mod list and clause text",Legacy → clause text & SF-30 mod list,GFP; FAR 52.245-1; IUID/UID; DFARS 252.211-7003; Novation/Change-of-Name FAR 42.12/42.1204; DD 254; DoDM 5205.07; ICS/ICD 705; JSIG; SAPF/SCIF; J&A FAR 6.3; D&F FAR 1.7; UEI/DUNS/CAGE crosswalk,Export artifacts; score with escalation matrix; promote ≥6 to FOIA
Institute for Defense Analyses (IDA),DoD/IC FFRDC,GAO Bid Protests,"""Institute for Defense Analyses (IDA)"" AND (protest OR sustain OR deny)",Pull docket → crosswalk PIID & J&A logic,J&A; timeline anchors; evaluation factors,Export artifacts; score with escalation matrix; promote ≥6 to FOIA
Institute for Defense Analyses (IDA),DoD/IC FFRDC,SEC EDGAR (8-K/10-K/Exhibits),"""Institute for Defense Analyses (IDA)"" AND (acquisition OR asset transfer OR novation OR government OR ""U.S. government"")",M&A windows ±180 days,novation schedules; segment moves; facility notes,Export artifacts; score with escalation matrix; promote ≥6 to FOIA
Institute for Defense Analyses (IDA),DoD/IC FFRDC,Delaware SOS (Entity Search),"""Institute for Defense Analyses (IDA)""",Around mod clusters / novations,conversions; mergers; name changes,Export artifacts; score with escalation matrix; promote ≥6 to FOIA
Institute for Defense Analyses (IDA),DoD/IC FFRDC,IRS 990 (if applicable),"""Institute for Defense Analyses (IDA)"" site:irs.gov OR site:propublica.org",Universities/foundations only,program service revenue; related orgs,Export artifacts; score with escalation matrix; promote ≥6 to FOIA
Institute for Defense Analyses (IDA),DoD/IC FFRDC,Jobs Telemetry,"""Institute for Defense Analyses (IDA)"" AND (""TS/SCI"" OR polygraph OR SAPF OR SCIF OR GEOINT OR ""SE&I"") site:clearancejobs.com OR site:linkedin.com OR site:workdayjobs.com",Last 5–7 yrs,TS/SCI poly; SAPF build-outs; GEOINT SE&I spikes,Export artifacts; score with escalation matrix; promote ≥6 to FOIA
Center for Naval Analyses (CNA),DoD/IC FFRDC,SAM.gov (Awards & Attachments),"(""special tooling"" OR ""special test equipment"" OR GFP OR 52.245-1 OR ""DD Form 254"" OR DoDM 5205.07 OR JSIG OR ""ICS 705"" OR SAPF OR SCIF) AND ""Center for Naval Analyses (CNA)""",FY2010–present; Award→Attchs; Data Bank export,GFP; FAR 52.245-1; IUID/UID; DFARS 252.211-7003; Novation/Change-of-Name FAR 42.12/42.1204; DD 254; DoDM 5205.07; ICS/ICD 705; JSIG; SAPF/SCIF; J&A FAR 6.3; D&F FAR 1.7; UEI/DUNS/CAGE crosswalk,Export artifacts; score with escalation matrix; promote ≥6 to FOIA
Center for Naval Analyses (CNA),DoD/IC FFRDC,USAspending (Award → Mod History),"Awardee = ""Center for Naval Analyses (CNA)"" (or filter by PIID/IDV) → review Mod Reason/Narrative for GFP/IUID/Novation; export modification history",FY2010–present; bind around M&A/org churn,GFP; FAR 52.245-1; IUID/UID; DFARS 252.211-7003; Novation/Change-of-Name FAR 42.12/42.1204; DD 254; DoDM 5205.07; ICS/ICD 705; JSIG; SAPF/SCIF; J&A FAR 6.3; D&F FAR 1.7; UEI/DUNS/CAGE crosswalk,Export artifacts; score with escalation matrix; promote ≥6 to FOIA
Center for Naval Analyses (CNA),DoD/IC FFRDC,FPDS (legacy ezSearch),"""Center for Naval Analyses (CNA)"" in ezSearch; inspect PIID/IDV structure; pull SF-30 mod list and clause text",Legacy → clause text & SF-30 mod list,GFP; FAR 52.245-1; IUID/UID; DFARS 252.211-7003; Novation/Change-of-Name FAR 42.12/42.1204; DD 254; DoDM 5205.07; ICS/ICD 705; JSIG; SAPF/SCIF; J&A FAR 6.3; D&F FAR 1.7; UEI/DUNS/CAGE crosswalk,Export artifacts; score with escalation matrix; promote ≥6 to FOIA
Center for Naval Analyses (CNA),DoD/IC FFRDC,GAO Bid Protests,"""Center for Naval Analyses (CNA)"" AND (protest OR sustain OR deny)",Pull docket → crosswalk PIID & J&A logic,J&A; timeline anchors; evaluation factors,Export artifacts; score with escalation matrix; promote ≥6 to FOIA
Center for Naval Analyses (CNA),DoD/IC FFRDC,SEC EDGAR (8-K/10-K/Exhibits),"""Center for Naval Analyses (CNA)"" AND (acquisition OR asset transfer OR novation OR government OR ""U.S. government"")",M&A windows ±180 days,novation schedules; segment moves; facility notes,Export artifacts; score with escalation matrix; promote ≥6 to FOIA
Center for Naval Analyses (CNA),DoD/IC FFRDC,Delaware SOS (Entity Search),"""Center for Naval Analyses (CNA)""",Around mod clusters / novations,conversions; mergers; name changes,Export artifacts; score with escalation matrix; promote ≥6 to FOIA
Center for Naval Analyses (CNA),DoD/IC FFRDC,IRS 990 (if applicable),"""Center for Naval Analyses (CNA)"" site:irs.gov OR site:propublica.org",Universities/foundations only,program service revenue; related orgs,Export artifacts; score with escalation matrix; promote ≥6 to FOIA
Center for Naval Analyses (CNA),DoD/IC FFRDC,Jobs Telemetry,"""Center for Naval Analyses (CNA)"" AND (""TS/SCI"" OR polygraph OR SAPF OR SCIF OR GEOINT OR ""SE&I"") site:clearancejobs.com OR site:linkedin.com OR site:workdayjobs.com",Last 5–7 yrs,TS/SCI poly; SAPF build-outs; GEOINT SE&I spikes,Export artifacts; score with escalation matrix; promote ≥6 to FOIA
RAND Corporation,DoD/IC FFRDC,SAM.gov (Awards & Attachments),"(""special tooling"" OR ""special test equipment"" OR GFP OR 52.245-1 OR ""DD Form 254"" OR DoDM 5205.07 OR JSIG OR ""ICS 705"" OR SAPF OR SCIF) AND ""RAND Corporation""",FY2010–present; Award→Attchs; Data Bank export,GFP; FAR 52.245-1; IUID/UID; DFARS 252.211-7003; Novation/Change-of-Name FAR 42.12/42.1204; DD 254; DoDM 5205.07; ICS/ICD 705; JSIG; SAPF/SCIF; J&A FAR 6.3; D&F FAR 1.7; UEI/DUNS/CAGE crosswalk,Export artifacts; score with escalation matrix; promote ≥6 to FOIA
RAND Corporation,DoD/IC FFRDC,USAspending (Award → Mod History),"Awardee = ""RAND Corporation"" (or filter by PIID/IDV) → review Mod Reason/Narrative for GFP/IUID/Novation; export modification history",FY2010–present; bind around M&A/org churn,GFP; FAR 52.245-1; IUID/UID; DFARS 252.211-7003; Novation/Change-of-Name FAR 42.12/42.1204; DD 254; DoDM 5205.07; ICS/ICD 705; JSIG; SAPF/SCIF; J&A FAR 6.3; D&F FAR 1.7; UEI/DUNS/CAGE crosswalk,Export artifacts; score with escalation matrix; promote ≥6 to FOIA
RAND Corporation,DoD/IC FFRDC,FPDS (legacy ezSearch),"""RAND Corporation"" in ezSearch; inspect PIID/IDV structure; pull SF-30 mod list and clause text",Legacy → clause text & SF-30 mod list,GFP; FAR 52.245-1; IUID/UID; DFARS 252.211-7003; Novation/Change-of-Name FAR 42.12/42.1204; DD 254; DoDM 5205.07; ICS/ICD 705; JSIG; SAPF/SCIF; J&A FAR 6.3; D&F FAR 1.7; UEI/DUNS/CAGE crosswalk,Export artifacts; score with escalation matrix; promote ≥6 to FOIA
RAND Corporation,DoD/IC FFRDC,GAO Bid Protests,"""RAND Corporation"" AND (protest OR sustain OR deny)",Pull docket → crosswalk PIID & J&A logic,J&A; timeline anchors; evaluation factors,Export artifacts; score with escalation matrix; promote ≥6 to FOIA
RAND Corporation,DoD/IC FFRDC,SEC EDGAR (8-K/10-K/Exhibits),"""RAND Corporation"" AND (acquisition OR asset transfer OR novation OR government OR ""U.S. government"")",M&A windows ±180 days,novation schedules; segment moves; facility notes,Export artifacts; score with escalation matrix; promote ≥6 to FOIA
RAND Corporation,DoD/IC FFRDC,Delaware SOS (Entity Search),"""RAND Corporation""",Around mod clusters / novations,conversions; mergers; name changes,Export artifacts; score with escalation matrix; promote ≥6 to FOIA
RAND Corporation,DoD/IC FFRDC,IRS 990 (if applicable),"""RAND Corporation"" site:irs.gov OR site:propublica.org",Universities/foundations only,program service revenue; related orgs,Export artifacts; score with escalation matrix; promote ≥6 to FOIA
RAND Corporation,DoD/IC FFRDC,Jobs Telemetry,"""RAND Corporation"" AND (""TS/SCI"" OR polygraph OR SAPF OR SCIF OR GEOINT OR ""SE&I"") site:clearancejobs.com OR site:linkedin.com OR site:workdayjobs.com",Last 5–7 yrs,TS/SCI poly; SAPF build-outs; GEOINT SE&I spikes,Export artifacts; score with escalation matrix; promote ≥6 to FOIA
Jet Propulsion Laboratory (JPL),NASA/FFRDC,SAM.gov (Awards & Attachments),"(""special tooling"" OR ""special test equipment"" OR GFP OR 52.245-1 OR ""DD Form 254"" OR DoDM 5205.07 OR JSIG OR ""ICS 705"" OR SAPF OR SCIF) AND ""Jet Propulsion Laboratory (JPL)""",FY2010–present; Award→Attchs; Data Bank export,GFP; FAR 52.245-1; IUID/UID; DFARS 252.211-7003; Novation/Change-of-Name FAR 42.12/42.1204; DD 254; DoDM 5205.07; ICS/ICD 705; JSIG; SAPF/SCIF; J&A FAR 6.3; D&F FAR 1.7; UEI/DUNS/CAGE crosswalk,Export artifacts; score with escalation matrix; promote ≥6 to FOIA
Jet Propulsion Laboratory (JPL),NASA/FFRDC,USAspending (Award → Mod History),"Awardee = ""Jet Propulsion Laboratory (JPL)"" (or filter by PIID/IDV) → review Mod Reason/Narrative for GFP/IUID/Novation; export modification history",FY2010–present; bind around M&A/org churn,GFP; FAR 52.245-1; IUID/UID; DFARS 252.211-7003; Novation/Change-of-Name FAR 42.12/42.1204; DD 254; DoDM 5205.07; ICS/ICD 705; JSIG; SAPF/SCIF; J&A FAR 6.3; D&F FAR 1.7; UEI/DUNS/CAGE crosswalk,Export artifacts; score with escalation matrix; promote ≥6 to FOIA
Jet Propulsion Laboratory (JPL),NASA/FFRDC,FPDS (legacy ezSearch),"""Jet Propulsion Laboratory (JPL)"" in ezSearch; inspect PIID/IDV structure; pull SF-30 mod list and clause text",Legacy → clause text & SF-30 mod list,GFP; FAR 52.245-1; IUID/UID; DFARS 252.211-7003; Novation/Change-of-Name FAR 42.12/42.1204; DD 254; DoDM 5205.07; ICS/ICD 705; JSIG; SAPF/SCIF; J&A FAR 6.3; D&F FAR 1.7; UEI/DUNS/CAGE crosswalk,Export artifacts; score with escalation matrix; promote ≥6 to FOIA
Jet Propulsion Laboratory (JPL),NASA/FFRDC,GAO Bid Protests,"""Jet Propulsion Laboratory (JPL)"" AND (protest OR sustain OR deny)",Pull docket → crosswalk PIID & J&A logic,J&A; timeline anchors; evaluation factors,Export artifacts; score with escalation matrix; promote ≥6 to FOIA
Jet Propulsion Laboratory (JPL),NASA/FFRDC,SEC EDGAR (8-K/10-K/Exhibits),"""Jet Propulsion Laboratory (JPL)"" AND (acquisition OR asset transfer OR novation OR government OR ""U.S. government"")",M&A windows ±180 days,novation schedules; segment moves; facility notes,Export artifacts; score with escalation matrix; promote ≥6 to FOIA
Jet Propulsion Laboratory (JPL),NASA/FFRDC,Delaware SOS (Entity Search),"""Jet Propulsion Laboratory (JPL)""",Around mod clusters / novations,conversions; mergers; name changes,Export artifacts; score with escalation matrix; promote ≥6 to FOIA
Jet Propulsion Laboratory (JPL),NASA/FFRDC,IRS 990 (if applicable),"""Jet Propulsion Laboratory (JPL)"" site:irs.gov OR site:propublica.org",Universities/foundations only,program service revenue; related orgs,Export artifacts; score with escalation matrix; promote ≥6 to FOIA
Jet Propulsion Laboratory (JPL),NASA/FFRDC,Jobs Telemetry,"""Jet Propulsion Laboratory (JPL)"" AND (""TS/SCI"" OR polygraph OR SAPF OR SCIF OR GEOINT OR ""SE&I"") site:clearancejobs.com OR site:linkedin.com OR site:workdayjobs.com",Last 5–7 yrs,TS/SCI poly; SAPF build-outs; GEOINT SE&I spikes,Export artifacts; score with escalation matrix; promote ≥6 to FOIA
Jet Propulsion Laboratory (JPL),NASA/FFRDC,NRC ADAMS,"""Jet Propulsion Laboratory (JPL)"" OR site address; filter Part 71, Type B(U), sealed source, license scope changes, temp jobsite approvals",Licenses/Part 71/shipments,sealed source; Type B(U); temp jobsite approvals,Capture docket/permit IDs; link to PIIDs if visible
Jet Propulsion Laboratory (JPL),NASA/FFRDC,DOE OpenNet,"""Jet Propulsion Laboratory (JPL)"" OR site/campus name; filter for unclassified tech reports with relevant keywords",Unclass tech reports,glovebox; hot cell; shielding materials,Capture docket/permit IDs; link to PIIDs if visible
Jet Propulsion Laboratory (JPL),NASA/FFRDC,FRPP (Real Property),"""Jet Propulsion Laboratory (JPL)"" OR site/campus name in FRPP; compare YOY adds/removals/status/mission use",YOY property deltas,mission use; status change; new facility,Capture docket/permit IDs; link to PIIDs if visible
Jet Propulsion Laboratory (JPL),NASA/FFRDC,PHMSA Approvals/Special Permits,"""Jet Propulsion Laboratory (JPL)"" AND (""Special Permit"" OR ""Type A"" OR ""Type B(U)"" OR UN 2915 OR UN 2916) site:phmsa.dot.gov",Shipments/packaging,Type A/B(U); UN 2915; UN 2916,Capture docket/permit IDs; link to PIIDs if visible
Jet Propulsion Laboratory (JPL),NASA/FFRDC,Regents/Trustees Agendas,"""Jet Propulsion Laboratory (JPL)"" AND (radiological OR ""hot cell"" OR glovebox OR ""shielded window"" OR ""lead-lined"" OR ""Class 7 door"" OR ""neutron shielding"" OR ""borated polyethylene"")",Board approvals,radiological lab reno; shielding,Capture docket/permit IDs; link to PIIDs if visible
Jet Propulsion Laboratory (JPL),NASA/FFRDC,City/County Permits,"""Jet Propulsion Laboratory (JPL)"" AND (building permit OR radiation OR SCIF OR SAPF OR classified) site:.gov",Permit portals,SCIF/SAPF construction; radiation work areas,Capture docket/permit IDs; link to PIIDs if visible
Johns Hopkins Applied Physics Laboratory (APL),UARC,SAM.gov (Awards & Attachments),"(""special tooling"" OR ""special test equipment"" OR GFP OR 52.245-1 OR ""DD Form 254"" OR DoDM 5205.07 OR JSIG OR ""ICS 705"" OR SAPF OR SCIF) AND ""Johns Hopkins Applied Physics Laboratory (APL)""",FY2010–present; Award→Attchs; Data Bank export,GFP; FAR 52.245-1; IUID/UID; DFARS 252.211-7003; Novation/Change-of-Name FAR 42.12/42.1204; DD 254; DoDM 5205.07; ICS/ICD 705; JSIG; SAPF/SCIF; J&A FAR 6.3; D&F FAR 1.7; UEI/DUNS/CAGE crosswalk,Export artifacts; score with escalation matrix; promote ≥6 to FOIA
Johns Hopkins Applied Physics Laboratory (APL),UARC,USAspending (Award → Mod History),"Awardee = ""Johns Hopkins Applied Physics Laboratory (APL)"" (or filter by PIID/IDV) → review Mod Reason/Narrative for GFP/IUID/Novation; export modification history",FY2010–present; bind around M&A/org churn,GFP; FAR 52.245-1; IUID/UID; DFARS 252.211-7003; Novation/Change-of-Name FAR 42.12/42.1204; DD 254; DoDM 5205.07; ICS/ICD 705; JSIG; SAPF/SCIF; J&A FAR 6.3; D&F FAR 1.7; UEI/DUNS/CAGE crosswalk,Export artifacts; score with escalation matrix; promote ≥6 to FOIA
Johns Hopkins Applied Physics Laboratory (APL),UARC,FPDS (legacy ezSearch),"""Johns Hopkins Applied Physics Laboratory (APL)"" in ezSearch; inspect PIID/IDV structure; pull SF-30 mod list and clause text",Legacy → clause text & SF-30 mod list,GFP; FAR 52.245-1; IUID/UID; DFARS 252.211-7003; Novation/Change-of-Name FAR 42.12/42.1204; DD 254; DoDM 5205.07; ICS/ICD 705; JSIG; SAPF/SCIF; J&A FAR 6.3; D&F FAR 1.7; UEI/DUNS/CAGE crosswalk,Export artifacts; score with escalation matrix; promote ≥6 to FOIA
Johns Hopkins Applied Physics Laboratory (APL),UARC,GAO Bid Protests,"""Johns Hopkins Applied Physics Laboratory (APL)"" AND (protest OR sustain OR deny)",Pull docket → crosswalk PIID & J&A logic,J&A; timeline anchors; evaluation factors,Export artifacts; score with escalation matrix; promote ≥6 to FOIA
Johns Hopkins Applied Physics Laboratory (APL),UARC,SEC EDGAR (8-K/10-K/Exhibits),"""Johns Hopkins Applied Physics Laboratory (APL)"" AND (acquisition OR asset transfer OR novation OR government OR ""U.S. government"")",M&A windows ±180 days,novation schedules; segment moves; facility notes,Export artifacts; score with escalation matrix; promote ≥6 to FOIA
Johns Hopkins Applied Physics Laboratory (APL),UARC,Delaware SOS (Entity Search),"""Johns Hopkins Applied Physics Laboratory (APL)""",Around mod clusters / novations,conversions; mergers; name changes,Export artifacts; score with escalation matrix; promote ≥6 to FOIA
Johns Hopkins Applied Physics Laboratory (APL),UARC,IRS 990 (if applicable),"""Johns Hopkins Applied Physics Laboratory (APL)"" site:irs.gov OR site:propublica.org",Universities/foundations only,program service revenue; related orgs,Export artifacts; score with escalation matrix; promote ≥6 to FOIA
Johns Hopkins Applied Physics Laboratory (APL),UARC,Jobs Telemetry,"""Johns Hopkins Applied Physics Laboratory (APL)"" AND (""TS/SCI"" OR polygraph OR SAPF OR SCIF OR GEOINT OR ""SE&I"") site:clearancejobs.com OR site:linkedin.com OR site:workdayjobs.com",Last 5–7 yrs,TS/SCI poly; SAPF build-outs; GEOINT SE&I spikes,Export artifacts; score with escalation matrix; promote ≥6 to FOIA
Johns Hopkins Applied Physics Laboratory (APL),UARC,Regents/Trustees Agendas,"""Johns Hopkins Applied Physics Laboratory (APL)"" AND (radiological OR ""hot cell"" OR glovebox OR ""shielded window"" OR ""lead-lined"" OR ""Class 7 door"" OR ""neutron shielding"" OR ""borated polyethylene"")",Board approvals,lab reno; shielding; classified areas,Match agenda/permit dates to award mods
Johns Hopkins Applied Physics Laboratory (APL),UARC,City/County Permits,"""Johns Hopkins Applied Physics Laboratory (APL)"" AND (building permit OR radiation OR SCIF OR SAPF OR classified) site:.gov",Permit portals,SCIF/SAPF; radiation areas; special doors,Match agenda/permit dates to award mods
"Applied Research Laboratories, The University of Texas at Austin (ARL:UT)",UARC,SAM.gov (Awards & Attachments),"(""special tooling"" OR ""special test equipment"" OR GFP OR 52.245-1 OR ""DD Form 254"" OR DoDM 5205.07 OR JSIG OR ""ICS 705"" OR SAPF OR SCIF) AND ""Applied Research Laboratories, The University of Texas at Austin (ARL:UT)""",FY2010–present; Award→Attchs; Data Bank export,GFP; FAR 52.245-1; IUID/UID; DFARS 252.211-7003; Novation/Change-of-Name FAR 42.12/42.1204; DD 254; DoDM 5205.07; ICS/ICD 705; JSIG; SAPF/SCIF; J&A FAR 6.3; D&F FAR 1.7; UEI/DUNS/CAGE crosswalk,Export artifacts; score with escalation matrix; promote ≥6 to FOIA
"Applied Research Laboratories, The University of Texas at Austin (ARL:UT)",UARC,USAspending (Award → Mod History),"Awardee = ""Applied Research Laboratories, The University of Texas at Austin (ARL:UT)"" (or filter by PIID/IDV) → review Mod Reason/Narrative for GFP/IUID/Novation; export modification history",FY2010–present; bind around M&A/org churn,GFP; FAR 52.245-1; IUID/UID; DFARS 252.211-7003; Novation/Change-of-Name FAR 42.12/42.1204; DD 254; DoDM 5205.07; ICS/ICD 705; JSIG; SAPF/SCIF; J&A FAR 6.3; D&F FAR 1.7; UEI/DUNS/CAGE crosswalk,Export artifacts; score with escalation matrix; promote ≥6 to FOIA
"Applied Research Laboratories, The University of Texas at Austin (ARL:UT)",UARC,FPDS (legacy ezSearch),"""Applied Research Laboratories, The University of Texas at Austin (ARL:UT)"" in ezSearch; inspect PIID/IDV structure; pull SF-30 mod list and clause text",Legacy → clause text & SF-30 mod list,GFP; FAR 52.245-1; IUID/UID; DFARS 252.211-7003; Novation/Change-of-Name FAR 42.12/42.1204; DD 254; DoDM 5205.07; ICS/ICD 705; JSIG; SAPF/SCIF; J&A FAR 6.3; D&F FAR 1.7; UEI/DUNS/CAGE crosswalk,Export artifacts; score with escalation matrix; promote ≥6 to FOIA
"Applied Research Laboratories, The University of Texas at Austin (ARL:UT)",UARC,GAO Bid Protests,"""Applied Research Laboratories, The University of Texas at Austin (ARL:UT)"" AND (protest OR sustain OR deny)",Pull docket → crosswalk PIID & J&A logic,J&A; timeline anchors; evaluation factors,Export artifacts; score with escalation matrix; promote ≥6 to FOIA
"Applied Research Laboratories, The University of Texas at Austin (ARL:UT)",UARC,SEC EDGAR (8-K/10-K/Exhibits),"""Applied Research Laboratories, The University of Texas at Austin (ARL:UT)"" AND (acquisition OR asset transfer OR novation OR government OR ""U.S. government"")",M&A windows ±180 days,novation schedules; segment moves; facility notes,Export artifacts; score with escalation matrix; promote ≥6 to FOIA
"Applied Research Laboratories, The University of Texas at Austin (ARL:UT)",UARC,Delaware SOS (Entity Search),"""Applied Research Laboratories, The University of Texas at Austin (ARL:UT)""",Around mod clusters / novations,conversions; mergers; name changes,Export artifacts; score with escalation matrix; promote ≥6 to FOIA
"Applied Research Laboratories, The University of Texas at Austin (ARL:UT)",UARC,IRS 990 (if applicable),"""Applied Research Laboratories, The University of Texas at Austin (ARL:UT)"" site:irs.gov OR site:propublica.org",Universities/foundations only,program service revenue; related orgs,Export artifacts; score with escalation matrix; promote ≥6 to FOIA
"Applied Research Laboratories, The University of Texas at Austin (ARL:UT)",UARC,Jobs Telemetry,"""Applied Research Laboratories, The University of Texas at Austin (ARL:UT)"" AND (""TS/SCI"" OR polygraph OR SAPF OR SCIF OR GEOINT OR ""SE&I"") site:clearancejobs.com OR site:linkedin.com OR site:workdayjobs.com",Last 5–7 yrs,TS/SCI poly; SAPF build-outs; GEOINT SE&I spikes,Export artifacts; score with escalation matrix; promote ≥6 to FOIA
"Applied Research Laboratories, The University of Texas at Austin (ARL:UT)",UARC,Regents/Trustees Agendas,"""Applied Research Laboratories, The University of Texas at Austin (ARL:UT)"" AND (radiological OR ""hot cell"" OR glovebox OR ""shielded window"" OR ""lead-lined"" OR ""Class 7 door"" OR ""neutron shielding"" OR ""borated polyethylene"")",Board approvals,lab reno; shielding; classified areas,Match agenda/permit dates to award mods
"Applied Research Laboratories, The University of Texas at Austin (ARL:UT)",UARC,City/County Permits,"""Applied Research Laboratories, The University of Texas at Austin (ARL:UT)"" AND (building permit OR radiation OR SCIF OR SAPF OR classified) site:.gov",Permit portals,SCIF/SAPF; radiation areas; special doors,Match agenda/permit dates to award mods
Penn State Applied Research Laboratory (ARL),UARC,SAM.gov (Awards & Attachments),"(""special tooling"" OR ""special test equipment"" OR GFP OR 52.245-1 OR ""DD Form 254"" OR DoDM 5205.07 OR JSIG OR ""ICS 705"" OR SAPF OR SCIF) AND ""Penn State Applied Research Laboratory (ARL)""",FY2010–present; Award→Attchs; Data Bank export,GFP; FAR 52.245-1; IUID/UID; DFARS 252.211-7003; Novation/Change-of-Name FAR 42.12/42.1204; DD 254; DoDM 5205.07; ICS/ICD 705; JSIG; SAPF/SCIF; J&A FAR 6.3; D&F FAR 1.7; UEI/DUNS/CAGE crosswalk,Export artifacts; score with escalation matrix; promote ≥6 to FOIA
Penn State Applied Research Laboratory (ARL),UARC,USAspending (Award → Mod History),"Awardee = ""Penn State Applied Research Laboratory (ARL)"" (or filter by PIID/IDV) → review Mod Reason/Narrative for GFP/IUID/Novation; export modification history",FY2010–present; bind around M&A/org churn,GFP; FAR 52.245-1; IUID/UID; DFARS 252.211-7003; Novation/Change-of-Name FAR 42.12/42.1204; DD 254; DoDM 5205.07; ICS/ICD 705; JSIG; SAPF/SCIF; J&A FAR 6.3; D&F FAR 1.7; UEI/DUNS/CAGE crosswalk,Export artifacts; score with escalation matrix; promote ≥6 to FOIA
Penn State Applied Research Laboratory (ARL),UARC,FPDS (legacy ezSearch),"""Penn State Applied Research Laboratory (ARL)"" in ezSearch; inspect PIID/IDV structure; pull SF-30 mod list and clause text",Legacy → clause text & SF-30 mod list,GFP; FAR 52.245-1; IUID/UID; DFARS 252.211-7003; Novation/Change-of-Name FAR 42.12/42.1204; DD 254; DoDM 5205.07; ICS/ICD 705; JSIG; SAPF/SCIF; J&A FAR 6.3; D&F FAR 1.7; UEI/DUNS/CAGE crosswalk,Export artifacts; score with escalation matrix; promote ≥6 to FOIA
Penn State Applied Research Laboratory (ARL),UARC,GAO Bid Protests,"""Penn State Applied Research Laboratory (ARL)"" AND (protest OR sustain OR deny)",Pull docket → crosswalk PIID & J&A logic,J&A; timeline anchors; evaluation factors,Export artifacts; score with escalation matrix; promote ≥6 to FOIA
Penn State Applied Research Laboratory (ARL),UARC,SEC EDGAR (8-K/10-K/Exhibits),"""Penn State Applied Research Laboratory (ARL)"" AND (acquisition OR asset transfer OR novation OR government OR ""U.S. government"")",M&A windows ±180 days,novation schedules; segment moves; facility notes,Export artifacts; score with escalation matrix; promote ≥6 to FOIA
Penn State Applied Research Laboratory (ARL),UARC,Delaware SOS (Entity Search),"""Penn State Applied Research Laboratory (ARL)""",Around mod clusters / novations,conversions; mergers; name changes,Export artifacts; score with escalation matrix; promote ≥6 to FOIA
Penn State Applied Research Laboratory (ARL),UARC,IRS 990 (if applicable),"""Penn State Applied Research Laboratory (ARL)"" site:irs.gov OR site:propublica.org",Universities/foundations only,program service revenue; related orgs,Export artifacts; score with escalation matrix; promote ≥6 to FOIA
Penn State Applied Research Laboratory (ARL),UARC,Jobs Telemetry,"""Penn State Applied Research Laboratory (ARL)"" AND (""TS/SCI"" OR polygraph OR SAPF OR SCIF OR GEOINT OR ""SE&I"") site:clearancejobs.com OR site:linkedin.com OR site:workdayjobs.com",Last 5–7 yrs,TS/SCI poly; SAPF build-outs; GEOINT SE&I spikes,Export artifacts; score with escalation matrix; promote ≥6 to FOIA
Penn State Applied Research Laboratory (ARL),UARC,Regents/Trustees Agendas,"""Penn State Applied Research Laboratory (ARL)"" AND (radiological OR ""hot cell"" OR glovebox OR ""shielded window"" OR ""lead-lined"" OR ""Class 7 door"" OR ""neutron shielding"" OR ""borated polyethylene"")",Board approvals,lab reno; shielding; classified areas,Match agenda/permit dates to award mods
Penn State Applied Research Laboratory (ARL),UARC,City/County Permits,"""Penn State Applied Research Laboratory (ARL)"" AND (building permit OR radiation OR SCIF OR SAPF OR classified) site:.gov",Permit portals,SCIF/SAPF; radiation areas; special doors,Match agenda/permit dates to award mods
Georgia Tech Research Institute (GTRI),UARC,SAM.gov (Awards & Attachments),"(""special tooling"" OR ""special test equipment"" OR GFP OR 52.245-1 OR ""DD Form 254"" OR DoDM 5205.07 OR JSIG OR ""ICS 705"" OR SAPF OR SCIF) AND ""Georgia Tech Research Institute (GTRI)""",FY2010–present; Award→Attchs; Data Bank export,GFP; FAR 52.245-1; IUID/UID; DFARS 252.211-7003; Novation/Change-of-Name FAR 42.12/42.1204; DD 254; DoDM 5205.07; ICS/ICD 705; JSIG; SAPF/SCIF; J&A FAR 6.3; D&F FAR 1.7; UEI/DUNS/CAGE crosswalk,Export artifacts; score with escalation matrix; promote ≥6 to FOIA
Georgia Tech Research Institute (GTRI),UARC,USAspending (Award → Mod History),"Awardee = ""Georgia Tech Research Institute (GTRI)"" (or filter by PIID/IDV) → review Mod Reason/Narrative for GFP/IUID/Novation; export modification history",FY2010–present; bind around M&A/org churn,GFP; FAR 52.245-1; IUID/UID; DFARS 252.211-7003; Novation/Change-of-Name FAR 42.12/42.1204; DD 254; DoDM 5205.07; ICS/ICD 705; JSIG; SAPF/SCIF; J&A FAR 6.3; D&F FAR 1.7; UEI/DUNS/CAGE crosswalk,Export artifacts; score with escalation matrix; promote ≥6 to FOIA
Georgia Tech Research Institute (GTRI),UARC,FPDS (legacy ezSearch),"""Georgia Tech Research Institute (GTRI)"" in ezSearch; inspect PIID/IDV structure; pull SF-30 mod list and clause text",Legacy → clause text & SF-30 mod list,GFP; FAR 52.245-1; IUID/UID; DFARS 252.211-7003; Novation/Change-of-Name FAR 42.12/42.1204; DD 254; DoDM 5205.07; ICS/ICD 705; JSIG; SAPF/SCIF; J&A FAR 6.3; D&F FAR 1.7; UEI/DUNS/CAGE crosswalk,Export artifacts; score with escalation matrix; promote ≥6 to FOIA
Georgia Tech Research Institute (GTRI),UARC,GAO Bid Protests,"""Georgia Tech Research Institute (GTRI)"" AND (protest OR sustain OR deny)",Pull docket → crosswalk PIID & J&A logic,J&A; timeline anchors; evaluation factors,Export artifacts; score with escalation matrix; promote ≥6 to FOIA
Georgia Tech Research Institute (GTRI),UARC,SEC EDGAR (8-K/10-K/Exhibits),"""Georgia Tech Research Institute (GTRI)"" AND (acquisition OR asset transfer OR novation OR government OR ""U.S. government"")",M&A windows ±180 days,novation schedules; segment moves; facility notes,Export artifacts; score with escalation matrix; promote ≥6 to FOIA
Georgia Tech Research Institute (GTRI),UARC,Delaware SOS (Entity Search),"""Georgia Tech Research Institute (GTRI)""",Around mod clusters / novations,conversions; mergers; name changes,Export artifacts; score with escalation matrix; promote ≥6 to FOIA
Georgia Tech Research Institute (GTRI),UARC,IRS 990 (if applicable),"""Georgia Tech Research Institute (GTRI)"" site:irs.gov OR site:propublica.org",Universities/foundations only,program service revenue; related orgs,Export artifacts; score with escalation matrix; promote ≥6 to FOIA
Georgia Tech Research Institute (GTRI),UARC,Jobs Telemetry,"""Georgia Tech Research Institute (GTRI)"" AND (""TS/SCI"" OR polygraph OR SAPF OR SCIF OR GEOINT OR ""SE&I"") site:clearancejobs.com OR site:linkedin.com OR site:workdayjobs.com",Last 5–7 yrs,TS/SCI poly; SAPF build-outs; GEOINT SE&I spikes,Export artifacts; score with escalation matrix; promote ≥6 to FOIA
Georgia Tech Research Institute (GTRI),UARC,Regents/Trustees Agendas,"""Georgia Tech Research Institute (GTRI)"" AND (radiological OR ""hot cell"" OR glovebox OR ""shielded window"" OR ""lead-lined"" OR ""Class 7 door"" OR ""neutron shielding"" OR ""borated polyethylene"")",Board approvals,lab reno; shielding; classified areas,Match agenda/permit dates to award mods
Georgia Tech Research Institute (GTRI),UARC,City/County Permits,"""Georgia Tech Research Institute (GTRI)"" AND (building permit OR radiation OR SCIF OR SAPF OR classified) site:.gov",Permit portals,SCIF/SAPF; radiation areas; special doors,Match agenda/permit dates to award mods
University of Washington Applied Physics Laboratory (UW APL),UARC,SAM.gov (Awards & Attachments),"(""special tooling"" OR ""special test equipment"" OR GFP OR 52.245-1 OR ""DD Form 254"" OR DoDM 5205.07 OR JSIG OR ""ICS 705"" OR SAPF OR SCIF) AND ""University of Washington Applied Physics Laboratory (UW APL)""",FY2010–present; Award→Attchs; Data Bank export,GFP; FAR 52.245-1; IUID/UID; DFARS 252.211-7003; Novation/Change-of-Name FAR 42.12/42.1204; DD 254; DoDM 5205.07; ICS/ICD 705; JSIG; SAPF/SCIF; J&A FAR 6.3; D&F FAR 1.7; UEI/DUNS/CAGE crosswalk,Export artifacts; score with escalation matrix; promote ≥6 to FOIA
University of Washington Applied Physics Laboratory (UW APL),UARC,USAspending (Award → Mod History),"Awardee = ""University of Washington Applied Physics Laboratory (UW APL)"" (or filter by PIID/IDV) → review Mod Reason/Narrative for GFP/IUID/Novation; export modification history",FY2010–present; bind around M&A/org churn,GFP; FAR 52.245-1; IUID/UID; DFARS 252.211-7003; Novation/Change-of-Name FAR 42.12/42.1204; DD 254; DoDM 5205.07; ICS/ICD 705; JSIG; SAPF/SCIF; J&A FAR 6.3; D&F FAR 1.7; UEI/DUNS/CAGE crosswalk,Export artifacts; score with escalation matrix; promote ≥6 to FOIA
University of Washington Applied Physics Laboratory (UW APL),UARC,FPDS (legacy ezSearch),"""University of Washington Applied Physics Laboratory (UW APL)"" in ezSearch; inspect PIID/IDV structure; pull SF-30 mod list and clause text",Legacy → clause text & SF-30 mod list,GFP; FAR 52.245-1; IUID/UID; DFARS 252.211-7003; Novation/Change-of-Name FAR 42.12/42.1204; DD 254; DoDM 5205.07; ICS/ICD 705; JSIG; SAPF/SCIF; J&A FAR 6.3; D&F FAR 1.7; UEI/DUNS/CAGE crosswalk,Export artifacts; score with escalation matrix; promote ≥6 to FOIA
University of Washington Applied Physics Laboratory (UW APL),UARC,GAO Bid Protests,"""University of Washington Applied Physics Laboratory (UW APL)"" AND (protest OR sustain OR deny)",Pull docket → crosswalk PIID & J&A logic,J&A; timeline anchors; evaluation factors,Export artifacts; score with escalation matrix; promote ≥6 to FOIA
University of Washington Applied Physics Laboratory (UW APL),UARC,SEC EDGAR (8-K/10-K/Exhibits),"""University of Washington Applied Physics Laboratory (UW APL)"" AND (acquisition OR asset transfer OR novation OR government OR ""U.S. government"")",M&A windows ±180 days,novation schedules; segment moves; facility notes,Export artifacts; score with escalation matrix; promote ≥6 to FOIA
University of Washington Applied Physics Laboratory (UW APL),UARC,Delaware SOS (Entity Search),"""University of Washington Applied Physics Laboratory (UW APL)""",Around mod clusters / novations,conversions; mergers; name changes,Export artifacts; score with escalation matrix; promote ≥6 to FOIA
University of Washington Applied Physics Laboratory (UW APL),UARC,IRS 990 (if applicable),"""University of Washington Applied Physics Laboratory (UW APL)"" site:irs.gov OR site:propublica.org",Universities/foundations only,program service revenue; related orgs,Export artifacts; score with escalation matrix; promote ≥6 to FOIA
University of Washington Applied Physics Laboratory (UW APL),UARC,Jobs Telemetry,"""University of Washington Applied Physics Laboratory (UW APL)"" AND (""TS/SCI"" OR polygraph OR SAPF OR SCIF OR GEOINT OR ""SE&I"") site:clearancejobs.com OR site:linkedin.com OR site:workdayjobs.com",Last 5–7 yrs,TS/SCI poly; SAPF build-outs; GEOINT SE&I spikes,Export artifacts; score with escalation matrix; promote ≥6 to FOIA
University of Washington Applied Physics Laboratory (UW APL),UARC,Regents/Trustees Agendas,"""University of Washington Applied Physics Laboratory (UW APL)"" AND (radiological OR ""hot cell"" OR glovebox OR ""shielded window"" OR ""lead-lined"" OR ""Class 7 door"" OR ""neutron shielding"" OR ""borated polyethylene"")",Board approvals,lab reno; shielding; classified areas,Match agenda/permit dates to award mods
University of Washington Applied Physics Laboratory (UW APL),UARC,City/County Permits,"""University of Washington Applied Physics Laboratory (UW APL)"" AND (building permit OR radiation OR SCIF OR SAPF OR classified) site:.gov",Permit portals,SCIF/SAPF; radiation areas; special doors,Match agenda/permit dates to award mods
University of Hawaii Applied Research Laboratory (UH APL),UARC,SAM.gov (Awards & Attachments),"(""special tooling"" OR ""special test equipment"" OR GFP OR 52.245-1 OR ""DD Form 254"" OR DoDM 5205.07 OR JSIG OR ""ICS 705"" OR SAPF OR SCIF) AND ""University of Hawaii Applied Research Laboratory (UH APL)""",FY2010–present; Award→Attchs; Data Bank export,GFP; FAR 52.245-1; IUID/UID; DFARS 252.211-7003; Novation/Change-of-Name FAR 42.12/42.1204; DD 254; DoDM 5205.07; ICS/ICD 705; JSIG; SAPF/SCIF; J&A FAR 6.3; D&F FAR 1.7; UEI/DUNS/CAGE crosswalk,Export artifacts; score with escalation matrix; promote ≥6 to FOIA
University of Hawaii Applied Research Laboratory (UH APL),UARC,USAspending (Award → Mod History),"Awardee = ""University of Hawaii Applied Research Laboratory (UH APL)"" (or filter by PIID/IDV) → review Mod Reason/Narrative for GFP/IUID/Novation; export modification history",FY2010–present; bind around M&A/org churn,GFP; FAR 52.245-1; IUID/UID; DFARS 252.211-7003; Novation/Change-of-Name FAR 42.12/42.1204; DD 254; DoDM 5205.07; ICS/ICD 705; JSIG; SAPF/SCIF; J&A FAR 6.3; D&F FAR 1.7; UEI/DUNS/CAGE crosswalk,Export artifacts; score with escalation matrix; promote ≥6 to FOIA
University of Hawaii Applied Research Laboratory (UH APL),UARC,FPDS (legacy ezSearch),"""University of Hawaii Applied Research Laboratory (UH APL)"" in ezSearch; inspect PIID/IDV structure; pull SF-30 mod list and clause text",Legacy → clause text & SF-30 mod list,GFP; FAR 52.245-1; IUID/UID; DFARS 252.211-7003; Novation/Change-of-Name FAR 42.12/42.1204; DD 254; DoDM 5205.07; ICS/ICD 705; JSIG; SAPF/SCIF; J&A FAR 6.3; D&F FAR 1.7; UEI/DUNS/CAGE crosswalk,Export artifacts; score with escalation matrix; promote ≥6 to FOIA
University of Hawaii Applied Research Laboratory (UH APL),UARC,GAO Bid Protests,"""University of Hawaii Applied Research Laboratory (UH APL)"" AND (protest OR sustain OR deny)",Pull docket → crosswalk PIID & J&A logic,J&A; timeline anchors; evaluation factors,Export artifacts; score with escalation matrix; promote ≥6 to FOIA
University of Hawaii Applied Research Laboratory (UH APL),UARC,SEC EDGAR (8-K/10-K/Exhibits),"""University of Hawaii Applied Research Laboratory (UH APL)"" AND (acquisition OR asset transfer OR novation OR government OR ""U.S. government"")",M&A windows ±180 days,novation schedules; segment moves; facility notes,Export artifacts; score with escalation matrix; promote ≥6 to FOIA
University of Hawaii Applied Research Laboratory (UH APL),UARC,Delaware SOS (Entity Search),"""University of Hawaii Applied Research Laboratory (UH APL)""",Around mod clusters / novations,conversions; mergers; name changes,Export artifacts; score with escalation matrix; promote ≥6 to FOIA
University of Hawaii Applied Research Laboratory (UH APL),UARC,IRS 990 (if applicable),"""University of Hawaii Applied Research Laboratory (UH APL)"" site:irs.gov OR site:propublica.org",Universities/foundations only,program service revenue; related orgs,Export artifacts; score with escalation matrix; promote ≥6 to FOIA
University of Hawaii Applied Research Laboratory (UH APL),UARC,Jobs Telemetry,"""University of Hawaii Applied Research Laboratory (UH APL)"" AND (""TS/SCI"" OR polygraph OR SAPF OR SCIF OR GEOINT OR ""SE&I"") site:clearancejobs.com OR site:linkedin.com OR site:workdayjobs.com",Last 5–7 yrs,TS/SCI poly; SAPF build-outs; GEOINT SE&I spikes,Export artifacts; score with escalation matrix; promote ≥6 to FOIA
University of Hawaii Applied Research Laboratory (UH APL),UARC,Regents/Trustees Agendas,"""University of Hawaii Applied Research Laboratory (UH APL)"" AND (radiological OR ""hot cell"" OR glovebox OR ""shielded window"" OR ""lead-lined"" OR ""Class 7 door"" OR ""neutron shielding"" OR ""borated polyethylene"")",Board approvals,lab reno; shielding; classified areas,Match agenda/permit dates to award mods
University of Hawaii Applied Research Laboratory (UH APL),UARC,City/County Permits,"""University of Hawaii Applied Research Laboratory (UH APL)"" AND (building permit OR radiation OR SCIF OR SAPF OR classified) site:.gov",Permit portals,SCIF/SAPF; radiation areas; special doors,Match agenda/permit dates to award mods
University of California UARC (NASA Ames),UARC,SAM.gov (Awards & Attachments),"(""special tooling"" OR ""special test equipment"" OR GFP OR 52.245-1 OR ""DD Form 254"" OR DoDM 5205.07 OR JSIG OR ""ICS 705"" OR SAPF OR SCIF) AND ""University of California UARC (NASA Ames)""",FY2010–present; Award→Attchs; Data Bank export,GFP; FAR 52.245-1; IUID/UID; DFARS 252.211-7003; Novation/Change-of-Name FAR 42.12/42.1204; DD 254; DoDM 5205.07; ICS/ICD 705; JSIG; SAPF/SCIF; J&A FAR 6.3; D&F FAR 1.7; UEI/DUNS/CAGE crosswalk,Export artifacts; score with escalation matrix; promote ≥6 to FOIA
University of California UARC (NASA Ames),UARC,USAspending (Award → Mod History),"Awardee = ""University of California UARC (NASA Ames)"" (or filter by PIID/IDV) → review Mod Reason/Narrative for GFP/IUID/Novation; export modification history",FY2010–present; bind around M&A/org churn,GFP; FAR 52.245-1; IUID/UID; DFARS 252.211-7003; Novation/Change-of-Name FAR 42.12/42.1204; DD 254; DoDM 5205.07; ICS/ICD 705; JSIG; SAPF/SCIF; J&A FAR 6.3; D&F FAR 1.7; UEI/DUNS/CAGE crosswalk,Export artifacts; score with escalation matrix; promote ≥6 to FOIA
University of California UARC (NASA Ames),UARC,FPDS (legacy ezSearch),"""University of California UARC (NASA Ames)"" in ezSearch; inspect PIID/IDV structure; pull SF-30 mod list and clause text",Legacy → clause text & SF-30 mod list,GFP; FAR 52.245-1; IUID/UID; DFARS 252.211-7003; Novation/Change-of-Name FAR 42.12/42.1204; DD 254; DoDM 5205.07; ICS/ICD 705; JSIG; SAPF/SCIF; J&A FAR 6.3; D&F FAR 1.7; UEI/DUNS/CAGE crosswalk,Export artifacts; score with escalation matrix; promote ≥6 to FOIA
University of California UARC (NASA Ames),UARC,GAO Bid Protests,"""University of California UARC (NASA Ames)"" AND (protest OR sustain OR deny)",Pull docket → crosswalk PIID & J&A logic,J&A; timeline anchors; evaluation factors,Export artifacts; score with escalation matrix; promote ≥6 to FOIA
University of California UARC (NASA Ames),UARC,SEC EDGAR (8-K/10-K/Exhibits),"""University of California UARC (NASA Ames)"" AND (acquisition OR asset transfer OR novation OR government OR ""U.S. government"")",M&A windows ±180 days,novation schedules; segment moves; facility notes,Export artifacts; score with escalation matrix; promote ≥6 to FOIA
University of California UARC (NASA Ames),UARC,Delaware SOS (Entity Search),"""University of California UARC (NASA Ames)""",Around mod clusters / novations,conversions; mergers; name changes,Export artifacts; score with escalation matrix; promote ≥6 to FOIA
University of California UARC (NASA Ames),UARC,IRS 990 (if applicable),"""University of California UARC (NASA Ames)"" site:irs.gov OR site:propublica.org",Universities/foundations only,program service revenue; related orgs,Export artifacts; score with escalation matrix; promote ≥6 to FOIA
University of California UARC (NASA Ames),UARC,Jobs Telemetry,"""University of California UARC (NASA Ames)"" AND (""TS/SCI"" OR polygraph OR SAPF OR SCIF OR GEOINT OR ""SE&I"") site:clearancejobs.com OR site:linkedin.com OR site:workdayjobs.com",Last 5–7 yrs,TS/SCI poly; SAPF build-outs; GEOINT SE&I spikes,Export artifacts; score with escalation matrix; promote ≥6 to FOIA
University of California UARC (NASA Ames),UARC,Regents/Trustees Agendas,"""University of California UARC (NASA Ames)"" AND (radiological OR ""hot cell"" OR glovebox OR ""shielded window"" OR ""lead-lined"" OR ""Class 7 door"" OR ""neutron shielding"" OR ""borated polyethylene"")",Board approvals,lab reno; shielding; classified areas,Match agenda/permit dates to award mods
University of California UARC (NASA Ames),UARC,City/County Permits,"""University of California UARC (NASA Ames)"" AND (building permit OR radiation OR SCIF OR SAPF OR classified) site:.gov",Permit portals,SCIF/SAPF; radiation areas; special doors,Match agenda/permit dates to award mods
University of Maryland ARLIS (Applied Research Lab for Intelligence & Security),UARC,SAM.gov (Awards & Attachments),"(""special tooling"" OR ""special test equipment"" OR GFP OR 52.245-1 OR ""DD Form 254"" OR DoDM 5205.07 OR JSIG OR ""ICS 705"" OR SAPF OR SCIF) AND ""University of Maryland ARLIS (Applied Research Lab for Intelligence & Security)""",FY2010–present; Award→Attchs; Data Bank export,GFP; FAR 52.245-1; IUID/UID; DFARS 252.211-7003; Novation/Change-of-Name FAR 42.12/42.1204; DD 254; DoDM 5205.07; ICS/ICD 705; JSIG; SAPF/SCIF; J&A FAR 6.3; D&F FAR 1.7; UEI/DUNS/CAGE crosswalk,Export artifacts; score with escalation matrix; promote ≥6 to FOIA
University of Maryland ARLIS (Applied Research Lab for Intelligence & Security),UARC,USAspending (Award → Mod History),"Awardee = ""University of Maryland ARLIS (Applied Research Lab for Intelligence & Security)"" (or filter by PIID/IDV) → review Mod Reason/Narrative for GFP/IUID/Novation; export modification history",FY2010–present; bind around M&A/org churn,GFP; FAR 52.245-1; IUID/UID; DFARS 252.211-7003; Novation/Change-of-Name FAR 42.12/42.1204; DD 254; DoDM 5205.07; ICS/ICD 705; JSIG; SAPF/SCIF; J&A FAR 6.3; D&F FAR 1.7; UEI/DUNS/CAGE crosswalk,Export artifacts; score with escalation matrix; promote ≥6 to FOIA
University of Maryland ARLIS (Applied Research Lab for Intelligence & Security),UARC,FPDS (legacy ezSearch),"""University of Maryland ARLIS (Applied Research Lab for Intelligence & Security)"" in ezSearch; inspect PIID/IDV structure; pull SF-30 mod list and clause text",Legacy → clause text & SF-30 mod list,GFP; FAR 52.245-1; IUID/UID; DFARS 252.211-7003; Novation/Change-of-Name FAR 42.12/42.1204; DD 254; DoDM 5205.07; ICS/ICD 705; JSIG; SAPF/SCIF; J&A FAR 6.3; D&F FAR 1.7; UEI/DUNS/CAGE crosswalk,Export artifacts; score with escalation matrix; promote ≥6 to FOIA
University of Maryland ARLIS (Applied Research Lab for Intelligence & Security),UARC,GAO Bid Protests,"""University of Maryland ARLIS (Applied Research Lab for Intelligence & Security)"" AND (protest OR sustain OR deny)",Pull docket → crosswalk PIID & J&A logic,J&A; timeline anchors; evaluation factors,Export artifacts; score with escalation matrix; promote ≥6 to FOIA
University of Maryland ARLIS (Applied Research Lab for Intelligence & Security),UARC,SEC EDGAR (8-K/10-K/Exhibits),"""University of Maryland ARLIS (Applied Research Lab for Intelligence & Security)"" AND (acquisition OR asset transfer OR novation OR government OR ""U.S. government"")",M&A windows ±180 days,novation schedules; segment moves; facility notes,Export artifacts; score with escalation matrix; promote ≥6 to FOIA
University of Maryland ARLIS (Applied Research Lab for Intelligence & Security),UARC,Delaware SOS (Entity Search),"""University of Maryland ARLIS (Applied Research Lab for Intelligence & Security)""",Around mod clusters / novations,conversions; mergers; name changes,Export artifacts; score with escalation matrix; promote ≥6 to FOIA
University of Maryland ARLIS (Applied Research Lab for Intelligence & Security),UARC,IRS 990 (if applicable),"""University of Maryland ARLIS (Applied Research Lab for Intelligence & Security)"" site:irs.gov OR site:propublica.org",Universities/foundations only,program service revenue; related orgs,Export artifacts; score with escalation matrix; promote ≥6 to FOIA
University of Maryland ARLIS (Applied Research Lab for Intelligence & Security),UARC,Jobs Telemetry,"""University of Maryland ARLIS (Applied Research Lab for Intelligence & Security)"" AND (""TS/SCI"" OR polygraph OR SAPF OR SCIF OR GEOINT OR ""SE&I"") site:clearancejobs.com OR site:linkedin.com OR site:workdayjobs.com",Last 5–7 yrs,TS/SCI poly; SAPF build-outs; GEOINT SE&I spikes,Export artifacts; score with escalation matrix; promote ≥6 to FOIA
University of Maryland ARLIS (Applied Research Lab for Intelligence & Security),UARC,Regents/Trustees Agendas,"""University of Maryland ARLIS (Applied Research Lab for Intelligence & Security)"" AND (radiological OR ""hot cell"" OR glovebox OR ""shielded window"" OR ""lead-lined"" OR ""Class 7 door"" OR ""neutron shielding"" OR ""borated polyethylene"")",Board approvals,lab reno; shielding; classified areas,Match agenda/permit dates to award mods
University of Maryland ARLIS (Applied Research Lab for Intelligence & Security),UARC,City/County Permits,"""University of Maryland ARLIS (Applied Research Lab for Intelligence & Security)"" AND (building permit OR radiation OR SCIF OR SAPF OR classified) site:.gov",Permit portals,SCIF/SAPF; radiation areas; special doors,Match agenda/permit dates to award mods
Lockheed Martin (Skunk Works),Prime/Integrator,SAM.gov (Awards & Attachments),"(""special tooling"" OR ""special test equipment"" OR GFP OR 52.245-1 OR ""DD Form 254"" OR DoDM 5205.07 OR JSIG OR ""ICS 705"" OR SAPF OR SCIF) AND ""Lockheed Martin (Skunk Works)""",FY2010–present; Award→Attchs; Data Bank export,GFP; FAR 52.245-1; IUID/UID; DFARS 252.211-7003; Novation/Change-of-Name FAR 42.12/42.1204; DD 254; DoDM 5205.07; ICS/ICD 705; JSIG; SAPF/SCIF; J&A FAR 6.3; D&F FAR 1.7; UEI/DUNS/CAGE crosswalk,Export artifacts; score with escalation matrix; promote ≥6 to FOIA
Lockheed Martin (Skunk Works),Prime/Integrator,USAspending (Award → Mod History),"Awardee = ""Lockheed Martin (Skunk Works)"" (or filter by PIID/IDV) → review Mod Reason/Narrative for GFP/IUID/Novation; export modification history",FY2010–present; bind around M&A/org churn,GFP; FAR 52.245-1; IUID/UID; DFARS 252.211-7003; Novation/Change-of-Name FAR 42.12/42.1204; DD 254; DoDM 5205.07; ICS/ICD 705; JSIG; SAPF/SCIF; J&A FAR 6.3; D&F FAR 1.7; UEI/DUNS/CAGE crosswalk,Export artifacts; score with escalation matrix; promote ≥6 to FOIA
Lockheed Martin (Skunk Works),Prime/Integrator,FPDS (legacy ezSearch),"""Lockheed Martin (Skunk Works)"" in ezSearch; inspect PIID/IDV structure; pull SF-30 mod list and clause text",Legacy → clause text & SF-30 mod list,GFP; FAR 52.245-1; IUID/UID; DFARS 252.211-7003; Novation/Change-of-Name FAR 42.12/42.1204; DD 254; DoDM 5205.07; ICS/ICD 705; JSIG; SAPF/SCIF; J&A FAR 6.3; D&F FAR 1.7; UEI/DUNS/CAGE crosswalk,Export artifacts; score with escalation matrix; promote ≥6 to FOIA
Lockheed Martin (Skunk Works),Prime/Integrator,GAO Bid Protests,"""Lockheed Martin (Skunk Works)"" AND (protest OR sustain OR deny)",Pull docket → crosswalk PIID & J&A logic,J&A; timeline anchors; evaluation factors,Export artifacts; score with escalation matrix; promote ≥6 to FOIA
Lockheed Martin (Skunk Works),Prime/Integrator,SEC EDGAR (8-K/10-K/Exhibits),"""Lockheed Martin (Skunk Works)"" AND (acquisition OR asset transfer OR novation OR government OR ""U.S. government"")",M&A windows ±180 days,novation schedules; segment moves; facility notes,Export artifacts; score with escalation matrix; promote ≥6 to FOIA
Lockheed Martin (Skunk Works),Prime/Integrator,Delaware SOS (Entity Search),"""Lockheed Martin (Skunk Works)""",Around mod clusters / novations,conversions; mergers; name changes,Export artifacts; score with escalation matrix; promote ≥6 to FOIA
Lockheed Martin (Skunk Works),Prime/Integrator,IRS 990 (if applicable),"""Lockheed Martin (Skunk Works)"" site:irs.gov OR site:propublica.org",Universities/foundations only,program service revenue; related orgs,Export artifacts; score with escalation matrix; promote ≥6 to FOIA
Lockheed Martin (Skunk Works),Prime/Integrator,Jobs Telemetry,"""Lockheed Martin (Skunk Works)"" AND (""TS/SCI"" OR polygraph OR SAPF OR SCIF OR GEOINT OR ""SE&I"") site:clearancejobs.com OR site:linkedin.com OR site:workdayjobs.com",Last 5–7 yrs,TS/SCI poly; SAPF build-outs; GEOINT SE&I spikes,Export artifacts; score with escalation matrix; promote ≥6 to FOIA
Northrop Grumman,Prime/Integrator,SAM.gov (Awards & Attachments),"(""special tooling"" OR ""special test equipment"" OR GFP OR 52.245-1 OR ""DD Form 254"" OR DoDM 5205.07 OR JSIG OR ""ICS 705"" OR SAPF OR SCIF) AND ""Northrop Grumman""",FY2010–present; Award→Attchs; Data Bank export,GFP; FAR 52.245-1; IUID/UID; DFARS 252.211-7003; Novation/Change-of-Name FAR 42.12/42.1204; DD 254; DoDM 5205.07; ICS/ICD 705; JSIG; SAPF/SCIF; J&A FAR 6.3; D&F FAR 1.7; UEI/DUNS/CAGE crosswalk,Export artifacts; score with escalation matrix; promote ≥6 to FOIA
Northrop Grumman,Prime/Integrator,USAspending (Award → Mod History),"Awardee = ""Northrop Grumman"" (or filter by PIID/IDV) → review Mod Reason/Narrative for GFP/IUID/Novation; export modification history",FY2010–present; bind around M&A/org churn,GFP; FAR 52.245-1; IUID/UID; DFARS 252.211-7003; Novation/Change-of-Name FAR 42.12/42.1204; DD 254; DoDM 5205.07; ICS/ICD 705; JSIG; SAPF/SCIF; J&A FAR 6.3; D&F FAR 1.7; UEI/DUNS/CAGE crosswalk,Export artifacts; score with escalation matrix; promote ≥6 to FOIA
Northrop Grumman,Prime/Integrator,FPDS (legacy ezSearch),"""Northrop Grumman"" in ezSearch; inspect PIID/IDV structure; pull SF-30 mod list and clause text",Legacy → clause text & SF-30 mod list,GFP; FAR 52.245-1; IUID/UID; DFARS 252.211-7003; Novation/Change-of-Name FAR 42.12/42.1204; DD 254; DoDM 5205.07; ICS/ICD 705; JSIG; SAPF/SCIF; J&A FAR 6.3; D&F FAR 1.7; UEI/DUNS/CAGE crosswalk,Export artifacts; score with escalation matrix; promote ≥6 to FOIA
Northrop Grumman,Prime/Integrator,GAO Bid Protests,"""Northrop Grumman"" AND (protest OR sustain OR deny)",Pull docket → crosswalk PIID & J&A logic,J&A; timeline anchors; evaluation factors,Export artifacts; score with escalation matrix; promote ≥6 to FOIA
Northrop Grumman,Prime/Integrator,SEC EDGAR (8-K/10-K/Exhibits),"""Northrop Grumman"" AND (acquisition OR asset transfer OR novation OR government OR ""U.S. government"")",M&A windows ±180 days,novation schedules; segment moves; facility notes,Export artifacts; score with escalation matrix; promote ≥6 to FOIA
Northrop Grumman,Prime/Integrator,Delaware SOS (Entity Search),"""Northrop Grumman""",Around mod clusters / novations,conversions; mergers; name changes,Export artifacts; score with escalation matrix; promote ≥6 to FOIA
Northrop Grumman,Prime/Integrator,IRS 990 (if applicable),"""Northrop Grumman"" site:irs.gov OR site:propublica.org",Universities/foundations only,program service revenue; related orgs,Export artifacts; score with escalation matrix; promote ≥6 to FOIA
Northrop Grumman,Prime/Integrator,Jobs Telemetry,"""Northrop Grumman"" AND (""TS/SCI"" OR polygraph OR SAPF OR SCIF OR GEOINT OR ""SE&I"") site:clearancejobs.com OR site:linkedin.com OR site:workdayjobs.com",Last 5–7 yrs,TS/SCI poly; SAPF build-outs; GEOINT SE&I spikes,Export artifacts; score with escalation matrix; promote ≥6 to FOIA
Boeing (Phantom Works),Prime/Integrator,SAM.gov (Awards & Attachments),"(""special tooling"" OR ""special test equipment"" OR GFP OR 52.245-1 OR ""DD Form 254"" OR DoDM 5205.07 OR JSIG OR ""ICS 705"" OR SAPF OR SCIF) AND ""Boeing (Phantom Works)""",FY2010–present; Award→Attchs; Data Bank export,GFP; FAR 52.245-1; IUID/UID; DFARS 252.211-7003; Novation/Change-of-Name FAR 42.12/42.1204; DD 254; DoDM 5205.07; ICS/ICD 705; JSIG; SAPF/SCIF; J&A FAR 6.3; D&F FAR 1.7; UEI/DUNS/CAGE crosswalk,Export artifacts; score with escalation matrix; promote ≥6 to FOIA
Boeing (Phantom Works),Prime/Integrator,USAspending (Award → Mod History),"Awardee = ""Boeing (Phantom Works)"" (or filter by PIID/IDV) → review Mod Reason/Narrative for GFP/IUID/Novation; export modification history",FY2010–present; bind around M&A/org churn,GFP; FAR 52.245-1; IUID/UID; DFARS 252.211-7003; Novation/Change-of-Name FAR 42.12/42.1204; DD 254; DoDM 5205.07; ICS/ICD 705; JSIG; SAPF/SCIF; J&A FAR 6.3; D&F FAR 1.7; UEI/DUNS/CAGE crosswalk,Export artifacts; score with escalation matrix; promote ≥6 to FOIA
Boeing (Phantom Works),Prime/Integrator,FPDS (legacy ezSearch),"""Boeing (Phantom Works)"" in ezSearch; inspect PIID/IDV structure; pull SF-30 mod list and clause text",Legacy → clause text & SF-30 mod list,GFP; FAR 52.245-1; IUID/UID; DFARS 252.211-7003; Novation/Change-of-Name FAR 42.12/42.1204; DD 254; DoDM 5205.07; ICS/ICD 705; JSIG; SAPF/SCIF; J&A FAR 6.3; D&F FAR 1.7; UEI/DUNS/CAGE crosswalk,Export artifacts; score with escalation matrix; promote ≥6 to FOIA
Boeing (Phantom Works),Prime/Integrator,GAO Bid Protests,"""Boeing (Phantom Works)"" AND (protest OR sustain OR deny)",Pull docket → crosswalk PIID & J&A logic,J&A; timeline anchors; evaluation factors,Export artifacts; score with escalation matrix; promote ≥6 to FOIA
Boeing (Phantom Works),Prime/Integrator,SEC EDGAR (8-K/10-K/Exhibits),"""Boeing (Phantom Works)"" AND (acquisition OR asset transfer OR novation OR government OR ""U.S. government"")",M&A windows ±180 days,novation schedules; segment moves; facility notes,Export artifacts; score with escalation matrix; promote ≥6 to FOIA
Boeing (Phantom Works),Prime/Integrator,Delaware SOS (Entity Search),"""Boeing (Phantom Works)""",Around mod clusters / novations,conversions; mergers; name changes,Export artifacts; score with escalation matrix; promote ≥6 to FOIA
Boeing (Phantom Works),Prime/Integrator,IRS 990 (if applicable),"""Boeing (Phantom Works)"" site:irs.gov OR site:propublica.org",Universities/foundations only,program service revenue; related orgs,Export artifacts; score with escalation matrix; promote ≥6 to FOIA
Boeing (Phantom Works),Prime/Integrator,Jobs Telemetry,"""Boeing (Phantom Works)"" AND (""TS/SCI"" OR polygraph OR SAPF OR SCIF OR GEOINT OR ""SE&I"") site:clearancejobs.com OR site:linkedin.com OR site:workdayjobs.com",Last 5–7 yrs,TS/SCI poly; SAPF build-outs; GEOINT SE&I spikes,Export artifacts; score with escalation matrix; promote ≥6 to FOIA
Raytheon (RTX),Prime/Integrator,SAM.gov (Awards & Attachments),"(""special tooling"" OR ""special test equipment"" OR GFP OR 52.245-1 OR ""DD Form 254"" OR DoDM 5205.07 OR JSIG OR ""ICS 705"" OR SAPF OR SCIF) AND ""Raytheon (RTX)""",FY2010–present; Award→Attchs; Data Bank export,GFP; FAR 52.245-1; IUID/UID; DFARS 252.211-7003; Novation/Change-of-Name FAR 42.12/42.1204; DD 254; DoDM 5205.07; ICS/ICD 705; JSIG; SAPF/SCIF; J&A FAR 6.3; D&F FAR 1.7; UEI/DUNS/CAGE crosswalk,Export artifacts; score with escalation matrix; promote ≥6 to FOIA
Raytheon (RTX),Prime/Integrator,USAspending (Award → Mod History),"Awardee = ""Raytheon (RTX)"" (or filter by PIID/IDV) → review Mod Reason/Narrative for GFP/IUID/Novation; export modification history",FY2010–present; bind around M&A/org churn,GFP; FAR 52.245-1; IUID/UID; DFARS 252.211-7003; Novation/Change-of-Name FAR 42.12/42.1204; DD 254; DoDM 5205.07; ICS/ICD 705; JSIG; SAPF/SCIF; J&A FAR 6.3; D&F FAR 1.7; UEI/DUNS/CAGE crosswalk,Export artifacts; score with escalation matrix; promote ≥6 to FOIA
Raytheon (RTX),Prime/Integrator,FPDS (legacy ezSearch),"""Raytheon (RTX)"" in ezSearch; inspect PIID/IDV structure; pull SF-30 mod list and clause text",Legacy → clause text & SF-30 mod list,GFP; FAR 52.245-1; IUID/UID; DFARS 252.211-7003; Novation/Change-of-Name FAR 42.12/42.1204; DD 254; DoDM 5205.07; ICS/ICD 705; JSIG; SAPF/SCIF; J&A FAR 6.3; D&F FAR 1.7; UEI/DUNS/CAGE crosswalk,Export artifacts; score with escalation matrix; promote ≥6 to FOIA
Raytheon (RTX),Prime/Integrator,GAO Bid Protests,"""Raytheon (RTX)"" AND (protest OR sustain OR deny)",Pull docket → crosswalk PIID & J&A logic,J&A; timeline anchors; evaluation factors,Export artifacts; score with escalation matrix; promote ≥6 to FOIA
Raytheon (RTX),Prime/Integrator,SEC EDGAR (8-K/10-K/Exhibits),"""Raytheon (RTX)"" AND (acquisition OR asset transfer OR novation OR government OR ""U.S. government"")",M&A windows ±180 days,novation schedules; segment moves; facility notes,Export artifacts; score with escalation matrix; promote ≥6 to FOIA
Raytheon (RTX),Prime/Integrator,Delaware SOS (Entity Search),"""Raytheon (RTX)""",Around mod clusters / novations,conversions; mergers; name changes,Export artifacts; score with escalation matrix; promote ≥6 to FOIA
Raytheon (RTX),Prime/Integrator,IRS 990 (if applicable),"""Raytheon (RTX)"" site:irs.gov OR site:propublica.org",Universities/foundations only,program service revenue; related orgs,Export artifacts; score with escalation matrix; promote ≥6 to FOIA
Raytheon (RTX),Prime/Integrator,Jobs Telemetry,"""Raytheon (RTX)"" AND (""TS/SCI"" OR polygraph OR SAPF OR SCIF OR GEOINT OR ""SE&I"") site:clearancejobs.com OR site:linkedin.com OR site:workdayjobs.com",Last 5–7 yrs,TS/SCI poly; SAPF build-outs; GEOINT SE&I spikes,Export artifacts; score with escalation matrix; promote ≥6 to FOIA
BAE Systems,Prime/Integrator,SAM.gov (Awards & Attachments),"(""special tooling"" OR ""special test equipment"" OR GFP OR 52.245-1 OR ""DD Form 254"" OR DoDM 5205.07 OR JSIG OR ""ICS 705"" OR SAPF OR SCIF) AND ""BAE Systems""",FY2010–present; Award→Attchs; Data Bank export,GFP; FAR 52.245-1; IUID/UID; DFARS 252.211-7003; Novation/Change-of-Name FAR 42.12/42.1204; DD 254; DoDM 5205.07; ICS/ICD 705; JSIG; SAPF/SCIF; J&A FAR 6.3; D&F FAR 1.7; UEI/DUNS/CAGE crosswalk,Export artifacts; score with escalation matrix; promote ≥6 to FOIA
BAE Systems,Prime/Integrator,USAspending (Award → Mod History),"Awardee = ""BAE Systems"" (or filter by PIID/IDV) → review Mod Reason/Narrative for GFP/IUID/Novation; export modification history",FY2010–present; bind around M&A/org churn,GFP; FAR 52.245-1; IUID/UID; DFARS 252.211-7003; Novation/Change-of-Name FAR 42.12/42.1204; DD 254; DoDM 5205.07; ICS/ICD 705; JSIG; SAPF/SCIF; J&A FAR 6.3; D&F FAR 1.7; UEI/DUNS/CAGE crosswalk,Export artifacts; score with escalation matrix; promote ≥6 to FOIA
BAE Systems,Prime/Integrator,FPDS (legacy ezSearch),"""BAE Systems"" in ezSearch; inspect PIID/IDV structure; pull SF-30 mod list and clause text",Legacy → clause text & SF-30 mod list,GFP; FAR 52.245-1; IUID/UID; DFARS 252.211-7003; Novation/Change-of-Name FAR 42.12/42.1204; DD 254; DoDM 5205.07; ICS/ICD 705; JSIG; SAPF/SCIF; J&A FAR 6.3; D&F FAR 1.7; UEI/DUNS/CAGE crosswalk,Export artifacts; score with escalation matrix; promote ≥6 to FOIA
BAE Systems,Prime/Integrator,GAO Bid Protests,"""BAE Systems"" AND (protest OR sustain OR deny)",Pull docket → crosswalk PIID & J&A logic,J&A; timeline anchors; evaluation factors,Export artifacts; score with escalation matrix; promote ≥6 to FOIA
BAE Systems,Prime/Integrator,SEC EDGAR (8-K/10-K/Exhibits),"""BAE Systems"" AND (acquisition OR asset transfer OR novation OR government OR ""U.S. government"")",M&A windows ±180 days,novation schedules; segment moves; facility notes,Export artifacts; score with escalation matrix; promote ≥6 to FOIA
BAE Systems,Prime/Integrator,Delaware SOS (Entity Search),"""BAE Systems""",Around mod clusters / novations,conversions; mergers; name changes,Export artifacts; score with escalation matrix; promote ≥6 to FOIA
BAE Systems,Prime/Integrator,IRS 990 (if applicable),"""BAE Systems"" site:irs.gov OR site:propublica.org",Universities/foundations only,program service revenue; related orgs,Export artifacts; score with escalation matrix; promote ≥6 to FOIA
BAE Systems,Prime/Integrator,Jobs Telemetry,"""BAE Systems"" AND (""TS/SCI"" OR polygraph OR SAPF OR SCIF OR GEOINT OR ""SE&I"") site:clearancejobs.com OR site:linkedin.com OR site:workdayjobs.com",Last 5–7 yrs,TS/SCI poly; SAPF build-outs; GEOINT SE&I spikes,Export artifacts; score with escalation matrix; promote ≥6 to FOIA
SAIC,Prime/Integrator,SAM.gov (Awards & Attachments),"(""special tooling"" OR ""special test equipment"" OR GFP OR 52.245-1 OR ""DD Form 254"" OR DoDM 5205.07 OR JSIG OR ""ICS 705"" OR SAPF OR SCIF) AND ""SAIC""",FY2010–present; Award→Attchs; Data Bank export,GFP; FAR 52.245-1; IUID/UID; DFARS 252.211-7003; Novation/Change-of-Name FAR 42.12/42.1204; DD 254; DoDM 5205.07; ICS/ICD 705; JSIG; SAPF/SCIF; J&A FAR 6.3; D&F FAR 1.7; UEI/DUNS/CAGE crosswalk,Export artifacts; score with escalation matrix; promote ≥6 to FOIA
SAIC,Prime/Integrator,USAspending (Award → Mod History),"Awardee = ""SAIC"" (or filter by PIID/IDV) → review Mod Reason/Narrative for GFP/IUID/Novation; export modification history",FY2010–present; bind around M&A/org churn,GFP; FAR 52.245-1; IUID/UID; DFARS 252.211-7003; Novation/Change-of-Name FAR 42.12/42.1204; DD 254; DoDM 5205.07; ICS/ICD 705; JSIG; SAPF/SCIF; J&A FAR 6.3; D&F FAR 1.7; UEI/DUNS/CAGE crosswalk,Export artifacts; score with escalation matrix; promote ≥6 to FOIA
SAIC,Prime/Integrator,FPDS (legacy ezSearch),"""SAIC"" in ezSearch; inspect PIID/IDV structure; pull SF-30 mod list and clause text",Legacy → clause text & SF-30 mod list,GFP; FAR 52.245-1; IUID/UID; DFARS 252.211-7003; Novation/Change-of-Name FAR 42.12/42.1204; DD 254; DoDM 5205.07; ICS/ICD 705; JSIG; SAPF/SCIF; J&A FAR 6.3; D&F FAR 1.7; UEI/DUNS/CAGE crosswalk,Export artifacts; score with escalation matrix; promote ≥6 to FOIA
SAIC,Prime/Integrator,GAO Bid Protests,"""SAIC"" AND (protest OR sustain OR deny)",Pull docket → crosswalk PIID & J&A logic,J&A; timeline anchors; evaluation factors,Export artifacts; score with escalation matrix; promote ≥6 to FOIA
SAIC,Prime/Integrator,SEC EDGAR (8-K/10-K/Exhibits),"""SAIC"" AND (acquisition OR asset transfer OR novation OR government OR ""U.S. government"")",M&A windows ±180 days,novation schedules; segment moves; facility notes,Export artifacts; score with escalation matrix; promote ≥6 to FOIA
SAIC,Prime/Integrator,Delaware SOS (Entity Search),"""SAIC""",Around mod clusters / novations,conversions; mergers; name changes,Export artifacts; score with escalation matrix; promote ≥6 to FOIA
SAIC,Prime/Integrator,IRS 990 (if applicable),"""SAIC"" site:irs.gov OR site:propublica.org",Universities/foundations only,program service revenue; related orgs,Export artifacts; score with escalation matrix; promote ≥6 to FOIA
SAIC,Prime/Integrator,Jobs Telemetry,"""SAIC"" AND (""TS/SCI"" OR polygraph OR SAPF OR SCIF OR GEOINT OR ""SE&I"") site:clearancejobs.com OR site:linkedin.com OR site:workdayjobs.com",Last 5–7 yrs,TS/SCI poly; SAPF build-outs; GEOINT SE&I spikes,Export artifacts; score with escalation matrix; promote ≥6 to FOIA
Leidos,Prime/Integrator,SAM.gov (Awards & Attachments),"(""special tooling"" OR ""special test equipment"" OR GFP OR 52.245-1 OR ""DD Form 254"" OR DoDM 5205.07 OR JSIG OR ""ICS 705"" OR SAPF OR SCIF) AND ""Leidos""",FY2010–present; Award→Attchs; Data Bank export,GFP; FAR 52.245-1; IUID/UID; DFARS 252.211-7003; Novation/Change-of-Name FAR 42.12/42.1204; DD 254; DoDM 5205.07; ICS/ICD 705; JSIG; SAPF/SCIF; J&A FAR 6.3; D&F FAR 1.7; UEI/DUNS/CAGE crosswalk,Export artifacts; score with escalation matrix; promote ≥6 to FOIA
Leidos,Prime/Integrator,USAspending (Award → Mod History),"Awardee = ""Leidos"" (or filter by PIID/IDV) → review Mod Reason/Narrative for GFP/IUID/Novation; export modification history",FY2010–present; bind around M&A/org churn,GFP; FAR 52.245-1; IUID/UID; DFARS 252.211-7003; Novation/Change-of-Name FAR 42.12/42.1204; DD 254; DoDM 5205.07; ICS/ICD 705; JSIG; SAPF/SCIF; J&A FAR 6.3; D&F FAR 1.7; UEI/DUNS/CAGE crosswalk,Export artifacts; score with escalation matrix; promote ≥6 to FOIA
Leidos,Prime/Integrator,FPDS (legacy ezSearch),"""Leidos"" in ezSearch; inspect PIID/IDV structure; pull SF-30 mod list and clause text",Legacy → clause text & SF-30 mod list,GFP; FAR 52.245-1; IUID/UID; DFARS 252.211-7003; Novation/Change-of-Name FAR 42.12/42.1204; DD 254; DoDM 5205.07; ICS/ICD 705; JSIG; SAPF/SCIF; J&A FAR 6.3; D&F FAR 1.7; UEI/DUNS/CAGE crosswalk,Export artifacts; score with escalation matrix; promote ≥6 to FOIA
Leidos,Prime/Integrator,GAO Bid Protests,"""Leidos"" AND (protest OR sustain OR deny)",Pull docket → crosswalk PIID & J&A logic,J&A; timeline anchors; evaluation factors,Export artifacts; score with escalation matrix; promote ≥6 to FOIA
Leidos,Prime/Integrator,SEC EDGAR (8-K/10-K/Exhibits),"""Leidos"" AND (acquisition OR asset transfer OR novation OR government OR ""U.S. government"")",M&A windows ±180 days,novation schedules; segment moves; facility notes,Export artifacts; score with escalation matrix; promote ≥6 to FOIA
Leidos,Prime/Integrator,Delaware SOS (Entity Search),"""Leidos""",Around mod clusters / novations,conversions; mergers; name changes,Export artifacts; score with escalation matrix; promote ≥6 to FOIA
Leidos,Prime/Integrator,IRS 990 (if applicable),"""Leidos"" site:irs.gov OR site:propublica.org",Universities/foundations only,program service revenue; related orgs,Export artifacts; score with escalation matrix; promote ≥6 to FOIA
Leidos,Prime/Integrator,Jobs Telemetry,"""Leidos"" AND (""TS/SCI"" OR polygraph OR SAPF OR SCIF OR GEOINT OR ""SE&I"") site:clearancejobs.com OR site:linkedin.com OR site:workdayjobs.com",Last 5–7 yrs,TS/SCI poly; SAPF build-outs; GEOINT SE&I spikes,Export artifacts; score with escalation matrix; promote ≥6 to FOIA
Booz Allen Hamilton,Prime/Integrator,SAM.gov (Awards & Attachments),"(""special tooling"" OR ""special test equipment"" OR GFP OR 52.245-1 OR ""DD Form 254"" OR DoDM 5205.07 OR JSIG OR ""ICS 705"" OR SAPF OR SCIF) AND ""Booz Allen Hamilton""",FY2010–present; Award→Attchs; Data Bank export,GFP; FAR 52.245-1; IUID/UID; DFARS 252.211-7003; Novation/Change-of-Name FAR 42.12/42.1204; DD 254; DoDM 5205.07; ICS/ICD 705; JSIG; SAPF/SCIF; J&A FAR 6.3; D&F FAR 1.7; UEI/DUNS/CAGE crosswalk,Export artifacts; score with escalation matrix; promote ≥6 to FOIA
Booz Allen Hamilton,Prime/Integrator,USAspending (Award → Mod History),"Awardee = ""Booz Allen Hamilton"" (or filter by PIID/IDV) → review Mod Reason/Narrative for GFP/IUID/Novation; export modification history",FY2010–present; bind around M&A/org churn,GFP; FAR 52.245-1; IUID/UID; DFARS 252.211-7003; Novation/Change-of-Name FAR 42.12/42.1204; DD 254; DoDM 5205.07; ICS/ICD 705; JSIG; SAPF/SCIF; J&A FAR 6.3; D&F FAR 1.7; UEI/DUNS/CAGE crosswalk,Export artifacts; score with escalation matrix; promote ≥6 to FOIA
Booz Allen Hamilton,Prime/Integrator,FPDS (legacy ezSearch),"""Booz Allen Hamilton"" in ezSearch; inspect PIID/IDV structure; pull SF-30 mod list and clause text",Legacy → clause text & SF-30 mod list,GFP; FAR 52.245-1; IUID/UID; DFARS 252.211-7003; Novation/Change-of-Name FAR 42.12/42.1204; DD 254; DoDM 5205.07; ICS/ICD 705; JSIG; SAPF/SCIF; J&A FAR 6.3; D&F FAR 1.7; UEI/DUNS/CAGE crosswalk,Export artifacts; score with escalation matrix; promote ≥6 to FOIA
Booz Allen Hamilton,Prime/Integrator,GAO Bid Protests,"""Booz Allen Hamilton"" AND (protest OR sustain OR deny)",Pull docket → crosswalk PIID & J&A logic,J&A; timeline anchors; evaluation factors,Export artifacts; score with escalation matrix; promote ≥6 to FOIA
Booz Allen Hamilton,Prime/Integrator,SEC EDGAR (8-K/10-K/Exhibits),"""Booz Allen Hamilton"" AND (acquisition OR asset transfer OR novation OR government OR ""U.S. government"")",M&A windows ±180 days,novation schedules; segment moves; facility notes,Export artifacts; score with escalation matrix; promote ≥6 to FOIA
Booz Allen Hamilton,Prime/Integrator,Delaware SOS (Entity Search),"""Booz Allen Hamilton""",Around mod clusters / novations,conversions; mergers; name changes,Export artifacts; score with escalation matrix; promote ≥6 to FOIA
Booz Allen Hamilton,Prime/Integrator,IRS 990 (if applicable),"""Booz Allen Hamilton"" site:irs.gov OR site:propublica.org",Universities/foundations only,program service revenue; related orgs,Export artifacts; score with escalation matrix; promote ≥6 to FOIA
Booz Allen Hamilton,Prime/Integrator,Jobs Telemetry,"""Booz Allen Hamilton"" AND (""TS/SCI"" OR polygraph OR SAPF OR SCIF OR GEOINT OR ""SE&I"") site:clearancejobs.com OR site:linkedin.com OR site:workdayjobs.com",Last 5–7 yrs,TS/SCI poly; SAPF build-outs; GEOINT SE&I spikes,Export artifacts; score with escalation matrix; promote ≥6 to FOIA
Peraton,Prime/Integrator,SAM.gov (Awards & Attachments),"(""special tooling"" OR ""special test equipment"" OR GFP OR 52.245-1 OR ""DD Form 254"" OR DoDM 5205.07 OR JSIG OR ""ICS 705"" OR SAPF OR SCIF) AND ""Peraton""",FY2010–present; Award→Attchs; Data Bank export,GFP; FAR 52.245-1; IUID/UID; DFARS 252.211-7003; Novation/Change-of-Name FAR 42.12/42.1204; DD 254; DoDM 5205.07; ICS/ICD 705; JSIG; SAPF/SCIF; J&A FAR 6.3; D&F FAR 1.7; UEI/DUNS/CAGE crosswalk,Export artifacts; score with escalation matrix; promote ≥6 to FOIA
Peraton,Prime/Integrator,USAspending (Award → Mod History),"Awardee = ""Peraton"" (or filter by PIID/IDV) → review Mod Reason/Narrative for GFP/IUID/Novation; export modification history",FY2010–present; bind around M&A/org churn,GFP; FAR 52.245-1; IUID/UID; DFARS 252.211-7003; Novation/Change-of-Name FAR 42.12/42.1204; DD 254; DoDM 5205.07; ICS/ICD 705; JSIG; SAPF/SCIF; J&A FAR 6.3; D&F FAR 1.7; UEI/DUNS/CAGE crosswalk,Export artifacts; score with escalation matrix; promote ≥6 to FOIA
Peraton,Prime/Integrator,FPDS (legacy ezSearch),"""Peraton"" in ezSearch; inspect PIID/IDV structure; pull SF-30 mod list and clause text",Legacy → clause text & SF-30 mod list,GFP; FAR 52.245-1; IUID/UID; DFARS 252.211-7003; Novation/Change-of-Name FAR 42.12/42.1204; DD 254; DoDM 5205.07; ICS/ICD 705; JSIG; SAPF/SCIF; J&A FAR 6.3; D&F FAR 1.7; UEI/DUNS/CAGE crosswalk,Export artifacts; score with escalation matrix; promote ≥6 to FOIA
Peraton,Prime/Integrator,GAO Bid Protests,"""Peraton"" AND (protest OR sustain OR deny)",Pull docket → crosswalk PIID & J&A logic,J&A; timeline anchors; evaluation factors,Export artifacts; score with escalation matrix; promote ≥6 to FOIA
Peraton,Prime/Integrator,SEC EDGAR (8-K/10-K/Exhibits),"""Peraton"" AND (acquisition OR asset transfer OR novation OR government OR ""U.S. government"")",M&A windows ±180 days,novation schedules; segment moves; facility notes,Export artifacts; score with escalation matrix; promote ≥6 to FOIA
Peraton,Prime/Integrator,Delaware SOS (Entity Search),"""Peraton""",Around mod clusters / novations,conversions; mergers; name changes,Export artifacts; score with escalation matrix; promote ≥6 to FOIA
Peraton,Prime/Integrator,IRS 990 (if applicable),"""Peraton"" site:irs.gov OR site:propublica.org",Universities/foundations only,program service revenue; related orgs,Export artifacts; score with escalation matrix; promote ≥6 to FOIA
Peraton,Prime/Integrator,Jobs Telemetry,"""Peraton"" AND (""TS/SCI"" OR polygraph OR SAPF OR SCIF OR GEOINT OR ""SE&I"") site:clearancejobs.com OR site:linkedin.com OR site:workdayjobs.com",Last 5–7 yrs,TS/SCI poly; SAPF build-outs; GEOINT SE&I spikes,Export artifacts; score with escalation matrix; promote ≥6 to FOIA
Peraton Enterprise Solutions,Prime/Integrator,SAM.gov (Awards & Attachments),"(""special tooling"" OR ""special test equipment"" OR GFP OR 52.245-1 OR ""DD Form 254"" OR DoDM 5205.07 OR JSIG OR ""ICS 705"" OR SAPF OR SCIF) AND ""Peraton Enterprise Solutions""",FY2010–present; Award→Attchs; Data Bank export,GFP; FAR 52.245-1; IUID/UID; DFARS 252.211-7003; Novation/Change-of-Name FAR 42.12/42.1204; DD 254; DoDM 5205.07; ICS/ICD 705; JSIG; SAPF/SCIF; J&A FAR 6.3; D&F FAR 1.7; UEI/DUNS/CAGE crosswalk,Export artifacts; score with escalation matrix; promote ≥6 to FOIA
Peraton Enterprise Solutions,Prime/Integrator,USAspending (Award → Mod History),"Awardee = ""Peraton Enterprise Solutions"" (or filter by PIID/IDV) → review Mod Reason/Narrative for GFP/IUID/Novation; export modification history",FY2010–present; bind around M&A/org churn,GFP; FAR 52.245-1; IUID/UID; DFARS 252.211-7003; Novation/Change-of-Name FAR 42.12/42.1204; DD 254; DoDM 5205.07; ICS/ICD 705; JSIG; SAPF/SCIF; J&A FAR 6.3; D&F FAR 1.7; UEI/DUNS/CAGE crosswalk,Export artifacts; score with escalation matrix; promote ≥6 to FOIA
Peraton Enterprise Solutions,Prime/Integrator,FPDS (legacy ezSearch),"""Peraton Enterprise Solutions"" in ezSearch; inspect PIID/IDV structure; pull SF-30 mod list and clause text",Legacy → clause text & SF-30 mod list,GFP; FAR 52.245-1; IUID/UID; DFARS 252.211-7003; Novation/Change-of-Name FAR 42.12/42.1204; DD 254; DoDM 5205.07; ICS/ICD 705; JSIG; SAPF/SCIF; J&A FAR 6.3; D&F FAR 1.7; UEI/DUNS/CAGE crosswalk,Export artifacts; score with escalation matrix; promote ≥6 to FOIA
Peraton Enterprise Solutions,Prime/Integrator,GAO Bid Protests,"""Peraton Enterprise Solutions"" AND (protest OR sustain OR deny)",Pull docket → crosswalk PIID & J&A logic,J&A; timeline anchors; evaluation factors,Export artifacts; score with escalation matrix; promote ≥6 to FOIA
Peraton Enterprise Solutions,Prime/Integrator,SEC EDGAR (8-K/10-K/Exhibits),"""Peraton Enterprise Solutions"" AND (acquisition OR asset transfer OR novation OR government OR ""U.S. government"")",M&A windows ±180 days,novation schedules; segment moves; facility notes,Export artifacts; score with escalation matrix; promote ≥6 to FOIA
Peraton Enterprise Solutions,Prime/Integrator,Delaware SOS (Entity Search),"""Peraton Enterprise Solutions""",Around mod clusters / novations,conversions; mergers; name changes,Export artifacts; score with escalation matrix; promote ≥6 to FOIA
Peraton Enterprise Solutions,Prime/Integrator,IRS 990 (if applicable),"""Peraton Enterprise Solutions"" site:irs.gov OR site:propublica.org",Universities/foundations only,program service revenue; related orgs,Export artifacts; score with escalation matrix; promote ≥6 to FOIA
Peraton Enterprise Solutions,Prime/Integrator,Jobs Telemetry,"""Peraton Enterprise Solutions"" AND (""TS/SCI"" OR polygraph OR SAPF OR SCIF OR GEOINT OR ""SE&I"") site:clearancejobs.com OR site:linkedin.com OR site:workdayjobs.com",Last 5–7 yrs,TS/SCI poly; SAPF build-outs; GEOINT SE&I spikes,Export artifacts; score with escalation matrix; promote ≥6 to FOIA
Peraton Labs,Prime/Integrator,SAM.gov (Awards & Attachments),"(""special tooling"" OR ""special test equipment"" OR GFP OR 52.245-1 OR ""DD Form 254"" OR DoDM 5205.07 OR JSIG OR ""ICS 705"" OR SAPF OR SCIF) AND ""Peraton Labs""",FY2010–present; Award→Attchs; Data Bank export,GFP; FAR 52.245-1; IUID/UID; DFARS 252.211-7003; Novation/Change-of-Name FAR 42.12/42.1204; DD 254; DoDM 5205.07; ICS/ICD 705; JSIG; SAPF/SCIF; J&A FAR 6.3; D&F FAR 1.7; UEI/DUNS/CAGE crosswalk,Export artifacts; score with escalation matrix; promote ≥6 to FOIA
Peraton Labs,Prime/Integrator,USAspending (Award → Mod History),"Awardee = ""Peraton Labs"" (or filter by PIID/IDV) → review Mod Reason/Narrative for GFP/IUID/Novation; export modification history",FY2010–present; bind around M&A/org churn,GFP; FAR 52.245-1; IUID/UID; DFARS 252.211-7003; Novation/Change-of-Name FAR 42.12/42.1204; DD 254; DoDM 5205.07; ICS/ICD 705; JSIG; SAPF/SCIF; J&A FAR 6.3; D&F FAR 1.7; UEI/DUNS/CAGE crosswalk,Export artifacts; score with escalation matrix; promote ≥6 to FOIA
Peraton Labs,Prime/Integrator,FPDS (legacy ezSearch),"""Peraton Labs"" in ezSearch; inspect PIID/IDV structure; pull SF-30 mod list and clause text",Legacy → clause text & SF-30 mod list,GFP; FAR 52.245-1; IUID/UID; DFARS 252.211-7003; Novation/Change-of-Name FAR 42.12/42.1204; DD 254; DoDM 5205.07; ICS/ICD 705; JSIG; SAPF/SCIF; J&A FAR 6.3; D&F FAR 1.7; UEI/DUNS/CAGE crosswalk,Export artifacts; score with escalation matrix; promote ≥6 to FOIA
Peraton Labs,Prime/Integrator,GAO Bid Protests,"""Peraton Labs"" AND (protest OR sustain OR deny)",Pull docket → crosswalk PIID & J&A logic,J&A; timeline anchors; evaluation factors,Export artifacts; score with escalation matrix; promote ≥6 to FOIA
Peraton Labs,Prime/Integrator,SEC EDGAR (8-K/10-K/Exhibits),"""Peraton Labs"" AND (acquisition OR asset transfer OR novation OR government OR ""U.S. government"")",M&A windows ±180 days,novation schedules; segment moves; facility notes,Export artifacts; score with escalation matrix; promote ≥6 to FOIA
Peraton Labs,Prime/Integrator,Delaware SOS (Entity Search),"""Peraton Labs""",Around mod clusters / novations,conversions; mergers; name changes,Export artifacts; score with escalation matrix; promote ≥6 to FOIA
Peraton Labs,Prime/Integrator,IRS 990 (if applicable),"""Peraton Labs"" site:irs.gov OR site:propublica.org",Universities/foundations only,program service revenue; related orgs,Export artifacts; score with escalation matrix; promote ≥6 to FOIA
Peraton Labs,Prime/Integrator,Jobs Telemetry,"""Peraton Labs"" AND (""TS/SCI"" OR polygraph OR SAPF OR SCIF OR GEOINT OR ""SE&I"") site:clearancejobs.com OR site:linkedin.com OR site:workdayjobs.com",Last 5–7 yrs,TS/SCI poly; SAPF build-outs; GEOINT SE&I spikes,Export artifacts; score with escalation matrix; promote ≥6 to FOIA
Peraton Technology Services,Prime/Integrator,SAM.gov (Awards & Attachments),"(""special tooling"" OR ""special test equipment"" OR GFP OR 52.245-1 OR ""DD Form 254"" OR DoDM 5205.07 OR JSIG OR ""ICS 705"" OR SAPF OR SCIF) AND ""Peraton Technology Services""",FY2010–present; Award→Attchs; Data Bank export,GFP; FAR 52.245-1; IUID/UID; DFARS 252.211-7003; Novation/Change-of-Name FAR 42.12/42.1204; DD 254; DoDM 5205.07; ICS/ICD 705; JSIG; SAPF/SCIF; J&A FAR 6.3; D&F FAR 1.7; UEI/DUNS/CAGE crosswalk,Export artifacts; score with escalation matrix; promote ≥6 to FOIA
Peraton Technology Services,Prime/Integrator,USAspending (Award → Mod History),"Awardee = ""Peraton Technology Services"" (or filter by PIID/IDV) → review Mod Reason/Narrative for GFP/IUID/Novation; export modification history",FY2010–present; bind around M&A/org churn,GFP; FAR 52.245-1; IUID/UID; DFARS 252.211-7003; Novation/Change-of-Name FAR 42.12/42.1204; DD 254; DoDM 5205.07; ICS/ICD 705; JSIG; SAPF/SCIF; J&A FAR 6.3; D&F FAR 1.7; UEI/DUNS/CAGE crosswalk,Export artifacts; score with escalation matrix; promote ≥6 to FOIA
Peraton Technology Services,Prime/Integrator,FPDS (legacy ezSearch),"""Peraton Technology Services"" in ezSearch; inspect PIID/IDV structure; pull SF-30 mod list and clause text",Legacy → clause text & SF-30 mod list,GFP; FAR 52.245-1; IUID/UID; DFARS 252.211-7003; Novation/Change-of-Name FAR 42.12/42.1204; DD 254; DoDM 5205.07; ICS/ICD 705; JSIG; SAPF/SCIF; J&A FAR 6.3; D&F FAR 1.7; UEI/DUNS/CAGE crosswalk,Export artifacts; score with escalation matrix; promote ≥6 to FOIA
Peraton Technology Services,Prime/Integrator,GAO Bid Protests,"""Peraton Technology Services"" AND (protest OR sustain OR deny)",Pull docket → crosswalk PIID & J&A logic,J&A; timeline anchors; evaluation factors,Export artifacts; score with escalation matrix; promote ≥6 to FOIA
Peraton Technology Services,Prime/Integrator,SEC EDGAR (8-K/10-K/Exhibits),"""Peraton Technology Services"" AND (acquisition OR asset transfer OR novation OR government OR ""U.S. government"")",M&A windows ±180 days,novation schedules; segment moves; facility notes,Export artifacts; score with escalation matrix; promote ≥6 to FOIA
Peraton Technology Services,Prime/Integrator,Delaware SOS (Entity Search),"""Peraton Technology Services""",Around mod clusters / novations,conversions; mergers; name changes,Export artifacts; score with escalation matrix; promote ≥6 to FOIA
Peraton Technology Services,Prime/Integrator,IRS 990 (if applicable),"""Peraton Technology Services"" site:irs.gov OR site:propublica.org",Universities/foundations only,program service revenue; related orgs,Export artifacts; score with escalation matrix; promote ≥6 to FOIA
Peraton Technology Services,Prime/Integrator,Jobs Telemetry,"""Peraton Technology Services"" AND (""TS/SCI"" OR polygraph OR SAPF OR SCIF OR GEOINT OR ""SE&I"") site:clearancejobs.com OR site:linkedin.com OR site:workdayjobs.com",Last 5–7 yrs,TS/SCI poly; SAPF build-outs; GEOINT SE&I spikes,Export artifacts; score with escalation matrix; promote ≥6 to FOIA
PAR Government,Prime/Integrator,SAM.gov (Awards & Attachments),"(""special tooling"" OR ""special test equipment"" OR GFP OR 52.245-1 OR ""DD Form 254"" OR DoDM 5205.07 OR JSIG OR ""ICS 705"" OR SAPF OR SCIF) AND ""PAR Government""",FY2010–present; Award→Attchs; Data Bank export,GFP; FAR 52.245-1; IUID/UID; DFARS 252.211-7003; Novation/Change-of-Name FAR 42.12/42.1204; DD 254; DoDM 5205.07; ICS/ICD 705; JSIG; SAPF/SCIF; J&A FAR 6.3; D&F FAR 1.7; UEI/DUNS/CAGE crosswalk,Export artifacts; score with escalation matrix; promote ≥6 to FOIA
PAR Government,Prime/Integrator,USAspending (Award → Mod History),"Awardee = ""PAR Government"" (or filter by PIID/IDV) → review Mod Reason/Narrative for GFP/IUID/Novation; export modification history",FY2010–present; bind around M&A/org churn,GFP; FAR 52.245-1; IUID/UID; DFARS 252.211-7003; Novation/Change-of-Name FAR 42.12/42.1204; DD 254; DoDM 5205.07; ICS/ICD 705; JSIG; SAPF/SCIF; J&A FAR 6.3; D&F FAR 1.7; UEI/DUNS/CAGE crosswalk,Export artifacts; score with escalation matrix; promote ≥6 to FOIA
PAR Government,Prime/Integrator,FPDS (legacy ezSearch),"""PAR Government"" in ezSearch; inspect PIID/IDV structure; pull SF-30 mod list and clause text",Legacy → clause text & SF-30 mod list,GFP; FAR 52.245-1; IUID/UID; DFARS 252.211-7003; Novation/Change-of-Name FAR 42.12/42.1204; DD 254; DoDM 5205.07; ICS/ICD 705; JSIG; SAPF/SCIF; J&A FAR 6.3; D&F FAR 1.7; UEI/DUNS/CAGE crosswalk,Export artifacts; score with escalation matrix; promote ≥6 to FOIA
PAR Government,Prime/Integrator,GAO Bid Protests,"""PAR Government"" AND (protest OR sustain OR deny)",Pull docket → crosswalk PIID & J&A logic,J&A; timeline anchors; evaluation factors,Export artifacts; score with escalation matrix; promote ≥6 to FOIA
PAR Government,Prime/Integrator,SEC EDGAR (8-K/10-K/Exhibits),"""PAR Government"" AND (acquisition OR asset transfer OR novation OR government OR ""U.S. government"")",M&A windows ±180 days,novation schedules; segment moves; facility notes,Export artifacts; score with escalation matrix; promote ≥6 to FOIA
PAR Government,Prime/Integrator,Delaware SOS (Entity Search),"""PAR Government""",Around mod clusters / novations,conversions; mergers; name changes,Export artifacts; score with escalation matrix; promote ≥6 to FOIA
PAR Government,Prime/Integrator,IRS 990 (if applicable),"""PAR Government"" site:irs.gov OR site:propublica.org",Universities/foundations only,program service revenue; related orgs,Export artifacts; score with escalation matrix; promote ≥6 to FOIA
PAR Government,Prime/Integrator,Jobs Telemetry,"""PAR Government"" AND (""TS/SCI"" OR polygraph OR SAPF OR SCIF OR GEOINT OR ""SE&I"") site:clearancejobs.com OR site:linkedin.com OR site:workdayjobs.com",Last 5–7 yrs,TS/SCI poly; SAPF build-outs; GEOINT SE&I spikes,Export artifacts; score with escalation matrix; promote ≥6 to FOIA
Anduril,Prime/Integrator,SAM.gov (Awards & Attachments),"(""special tooling"" OR ""special test equipment"" OR GFP OR 52.245-1 OR ""DD Form 254"" OR DoDM 5205.07 OR JSIG OR ""ICS 705"" OR SAPF OR SCIF) AND ""Anduril""",FY2010–present; Award→Attchs; Data Bank export,GFP; FAR 52.245-1; IUID/UID; DFARS 252.211-7003; Novation/Change-of-Name FAR 42.12/42.1204; DD 254; DoDM 5205.07; ICS/ICD 705; JSIG; SAPF/SCIF; J&A FAR 6.3; D&F FAR 1.7; UEI/DUNS/CAGE crosswalk,Export artifacts; score with escalation matrix; promote ≥6 to FOIA
Anduril,Prime/Integrator,USAspending (Award → Mod History),"Awardee = ""Anduril"" (or filter by PIID/IDV) → review Mod Reason/Narrative for GFP/IUID/Novation; export modification history",FY2010–present; bind around M&A/org churn,GFP; FAR 52.245-1; IUID/UID; DFARS 252.211-7003; Novation/Change-of-Name FAR 42.12/42.1204; DD 254; DoDM 5205.07; ICS/ICD 705; JSIG; SAPF/SCIF; J&A FAR 6.3; D&F FAR 1.7; UEI/DUNS/CAGE crosswalk,Export artifacts; score with escalation matrix; promote ≥6 to FOIA
Anduril,Prime/Integrator,FPDS (legacy ezSearch),"""Anduril"" in ezSearch; inspect PIID/IDV structure; pull SF-30 mod list and clause text",Legacy → clause text & SF-30 mod list,GFP; FAR 52.245-1; IUID/UID; DFARS 252.211-7003; Novation/Change-of-Name FAR 42.12/42.1204; DD 254; DoDM 5205.07; ICS/ICD 705; JSIG; SAPF/SCIF; J&A FAR 6.3; D&F FAR 1.7; UEI/DUNS/CAGE crosswalk,Export artifacts; score with escalation matrix; promote ≥6 to FOIA
Anduril,Prime/Integrator,GAO Bid Protests,"""Anduril"" AND (protest OR sustain OR deny)",Pull docket → crosswalk PIID & J&A logic,J&A; timeline anchors; evaluation factors,Export artifacts; score with escalation matrix; promote ≥6 to FOIA
Anduril,Prime/Integrator,SEC EDGAR (8-K/10-K/Exhibits),"""Anduril"" AND (acquisition OR asset transfer OR novation OR government OR ""U.S. government"")",M&A windows ±180 days,novation schedules; segment moves; facility notes,Export artifacts; score with escalation matrix; promote ≥6 to FOIA
Anduril,Prime/Integrator,Delaware SOS (Entity Search),"""Anduril""",Around mod clusters / novations,conversions; mergers; name changes,Export artifacts; score with escalation matrix; promote ≥6 to FOIA
Anduril,Prime/Integrator,IRS 990 (if applicable),"""Anduril"" site:irs.gov OR site:propublica.org",Universities/foundations only,program service revenue; related orgs,Export artifacts; score with escalation matrix; promote ≥6 to FOIA
Anduril,Prime/Integrator,Jobs Telemetry,"""Anduril"" AND (""TS/SCI"" OR polygraph OR SAPF OR SCIF OR GEOINT OR ""SE&I"") site:clearancejobs.com OR site:linkedin.com OR site:workdayjobs.com",Last 5–7 yrs,TS/SCI poly; SAPF build-outs; GEOINT SE&I spikes,Export artifacts; score with escalation matrix; promote ≥6 to FOIA
Palantir,Prime/Integrator,SAM.gov (Awards & Attachments),"(""special tooling"" OR ""special test equipment"" OR GFP OR 52.245-1 OR ""DD Form 254"" OR DoDM 5205.07 OR JSIG OR ""ICS 705"" OR SAPF OR SCIF) AND ""Palantir""",FY2010–present; Award→Attchs; Data Bank export,GFP; FAR 52.245-1; IUID/UID; DFARS 252.211-7003; Novation/Change-of-Name FAR 42.12/42.1204; DD 254; DoDM 5205.07; ICS/ICD 705; JSIG; SAPF/SCIF; J&A FAR 6.3; D&F FAR 1.7; UEI/DUNS/CAGE crosswalk,Export artifacts; score with escalation matrix; promote ≥6 to FOIA
Palantir,Prime/Integrator,USAspending (Award → Mod History),"Awardee = ""Palantir"" (or filter by PIID/IDV) → review Mod Reason/Narrative for GFP/IUID/Novation; export modification history",FY2010–present; bind around M&A/org churn,GFP; FAR 52.245-1; IUID/UID; DFARS 252.211-7003; Novation/Change-of-Name FAR 42.12/42.1204; DD 254; DoDM 5205.07; ICS/ICD 705; JSIG; SAPF/SCIF; J&A FAR 6.3; D&F FAR 1.7; UEI/DUNS/CAGE crosswalk,Export artifacts; score with escalation matrix; promote ≥6 to FOIA
Palantir,Prime/Integrator,FPDS (legacy ezSearch),"""Palantir"" in ezSearch; inspect PIID/IDV structure; pull SF-30 mod list and clause text",Legacy → clause text & SF-30 mod list,GFP; FAR 52.245-1; IUID/UID; DFARS 252.211-7003; Novation/Change-of-Name FAR 42.12/42.1204; DD 254; DoDM 5205.07; ICS/ICD 705; JSIG; SAPF/SCIF; J&A FAR 6.3; D&F FAR 1.7; UEI/DUNS/CAGE crosswalk,Export artifacts; score with escalation matrix; promote ≥6 to FOIA
Palantir,Prime/Integrator,GAO Bid Protests,"""Palantir"" AND (protest OR sustain OR deny)",Pull docket → crosswalk PIID & J&A logic,J&A; timeline anchors; evaluation factors,Export artifacts; score with escalation matrix; promote ≥6 to FOIA
Palantir,Prime/Integrator,SEC EDGAR (8-K/10-K/Exhibits),"""Palantir"" AND (acquisition OR asset transfer OR novation OR government OR ""U.S. government"")",M&A windows ±180 days,novation schedules; segment moves; facility notes,Export artifacts; score with escalation matrix; promote ≥6 to FOIA
Palantir,Prime/Integrator,Delaware SOS (Entity Search),"""Palantir""",Around mod clusters / novations,conversions; mergers; name changes,Export artifacts; score with escalation matrix; promote ≥6 to FOIA
Palantir,Prime/Integrator,IRS 990 (if applicable),"""Palantir"" site:irs.gov OR site:propublica.org",Universities/foundations only,program service revenue; related orgs,Export artifacts; score with escalation matrix; promote ≥6 to FOIA
Palantir,Prime/Integrator,Jobs Telemetry,"""Palantir"" AND (""TS/SCI"" OR polygraph OR SAPF OR SCIF OR GEOINT OR ""SE&I"") site:clearancejobs.com OR site:linkedin.com OR site:workdayjobs.com",Last 5–7 yrs,TS/SCI poly; SAPF build-outs; GEOINT SE&I spikes,Export artifacts; score with escalation matrix; promote ≥6 to FOIA
L3Harris,Prime/Integrator,SAM.gov (Awards & Attachments),"(""special tooling"" OR ""special test equipment"" OR GFP OR 52.245-1 OR ""DD Form 254"" OR DoDM 5205.07 OR JSIG OR ""ICS 705"" OR SAPF OR SCIF) AND ""L3Harris""",FY2010–present; Award→Attchs; Data Bank export,GFP; FAR 52.245-1; IUID/UID; DFARS 252.211-7003; Novation/Change-of-Name FAR 42.12/42.1204; DD 254; DoDM 5205.07; ICS/ICD 705; JSIG; SAPF/SCIF; J&A FAR 6.3; D&F FAR 1.7; UEI/DUNS/CAGE crosswalk,Export artifacts; score with escalation matrix; promote ≥6 to FOIA
L3Harris,Prime/Integrator,USAspending (Award → Mod History),"Awardee = ""L3Harris"" (or filter by PIID/IDV) → review Mod Reason/Narrative for GFP/IUID/Novation; export modification history",FY2010–present; bind around M&A/org churn,GFP; FAR 52.245-1; IUID/UID; DFARS 252.211-7003; Novation/Change-of-Name FAR 42.12/42.1204; DD 254; DoDM 5205.07; ICS/ICD 705; JSIG; SAPF/SCIF; J&A FAR 6.3; D&F FAR 1.7; UEI/DUNS/CAGE crosswalk,Export artifacts; score with escalation matrix; promote ≥6 to FOIA
L3Harris,Prime/Integrator,FPDS (legacy ezSearch),"""L3Harris"" in ezSearch; inspect PIID/IDV structure; pull SF-30 mod list and clause text",Legacy → clause text & SF-30 mod list,GFP; FAR 52.245-1; IUID/UID; DFARS 252.211-7003; Novation/Change-of-Name FAR 42.12/42.1204; DD 254; DoDM 5205.07; ICS/ICD 705; JSIG; SAPF/SCIF; J&A FAR 6.3; D&F FAR 1.7; UEI/DUNS/CAGE crosswalk,Export artifacts; score with escalation matrix; promote ≥6 to FOIA
L3Harris,Prime/Integrator,GAO Bid Protests,"""L3Harris"" AND (protest OR sustain OR deny)",Pull docket → crosswalk PIID & J&A logic,J&A; timeline anchors; evaluation factors,Export artifacts; score with escalation matrix; promote ≥6 to FOIA
L3Harris,Prime/Integrator,SEC EDGAR (8-K/10-K/Exhibits),"""L3Harris"" AND (acquisition OR asset transfer OR novation OR government OR ""U.S. government"")",M&A windows ±180 days,novation schedules; segment moves; facility notes,Export artifacts; score with escalation matrix; promote ≥6 to FOIA
L3Harris,Prime/Integrator,Delaware SOS (Entity Search),"""L3Harris""",Around mod clusters / novations,conversions; mergers; name changes,Export artifacts; score with escalation matrix; promote ≥6 to FOIA
L3Harris,Prime/Integrator,IRS 990 (if applicable),"""L3Harris"" site:irs.gov OR site:propublica.org",Universities/foundations only,program service revenue; related orgs,Export artifacts; score with escalation matrix; promote ≥6 to FOIA
L3Harris,Prime/Integrator,Jobs Telemetry,"""L3Harris"" AND (""TS/SCI"" OR polygraph OR SAPF OR SCIF OR GEOINT OR ""SE&I"") site:clearancejobs.com OR site:linkedin.com OR site:workdayjobs.com",Last 5–7 yrs,TS/SCI poly; SAPF build-outs; GEOINT SE&I spikes,Export artifacts; score with escalation matrix; promote ≥6 to FOIA
General Atomics,Prime/Integrator,SAM.gov (Awards & Attachments),"(""special tooling"" OR ""special test equipment"" OR GFP OR 52.245-1 OR ""DD Form 254"" OR DoDM 5205.07 OR JSIG OR ""ICS 705"" OR SAPF OR SCIF) AND ""General Atomics""",FY2010–present; Award→Attchs; Data Bank export,GFP; FAR 52.245-1; IUID/UID; DFARS 252.211-7003; Novation/Change-of-Name FAR 42.12/42.1204; DD 254; DoDM 5205.07; ICS/ICD 705; JSIG; SAPF/SCIF; J&A FAR 6.3; D&F FAR 1.7; UEI/DUNS/CAGE crosswalk,Export artifacts; score with escalation matrix; promote ≥6 to FOIA
General Atomics,Prime/Integrator,USAspending (Award → Mod History),"Awardee = ""General Atomics"" (or filter by PIID/IDV) → review Mod Reason/Narrative for GFP/IUID/Novation; export modification history",FY2010–present; bind around M&A/org churn,GFP; FAR 52.245-1; IUID/UID; DFARS 252.211-7003; Novation/Change-of-Name FAR 42.12/42.1204; DD 254; DoDM 5205.07; ICS/ICD 705; JSIG; SAPF/SCIF; J&A FAR 6.3; D&F FAR 1.7; UEI/DUNS/CAGE crosswalk,Export artifacts; score with escalation matrix; promote ≥6 to FOIA
General Atomics,Prime/Integrator,FPDS (legacy ezSearch),"""General Atomics"" in ezSearch; inspect PIID/IDV structure; pull SF-30 mod list and clause text",Legacy → clause text & SF-30 mod list,GFP; FAR 52.245-1; IUID/UID; DFARS 252.211-7003; Novation/Change-of-Name FAR 42.12/42.1204; DD 254; DoDM 5205.07; ICS/ICD 705; JSIG; SAPF/SCIF; J&A FAR 6.3; D&F FAR 1.7; UEI/DUNS/CAGE crosswalk,Export artifacts; score with escalation matrix; promote ≥6 to FOIA
General Atomics,Prime/Integrator,GAO Bid Protests,"""General Atomics"" AND (protest OR sustain OR deny)",Pull docket → crosswalk PIID & J&A logic,J&A; timeline anchors; evaluation factors,Export artifacts; score with escalation matrix; promote ≥6 to FOIA
General Atomics,Prime/Integrator,SEC EDGAR (8-K/10-K/Exhibits),"""General Atomics"" AND (acquisition OR asset transfer OR novation OR government OR ""U.S. government"")",M&A windows ±180 days,novation schedules; segment moves; facility notes,Export artifacts; score with escalation matrix; promote ≥6 to FOIA
General Atomics,Prime/Integrator,Delaware SOS (Entity Search),"""General Atomics""",Around mod clusters / novations,conversions; mergers; name changes,Export artifacts; score with escalation matrix; promote ≥6 to FOIA
General Atomics,Prime/Integrator,IRS 990 (if applicable),"""General Atomics"" site:irs.gov OR site:propublica.org",Universities/foundations only,program service revenue; related orgs,Export artifacts; score with escalation matrix; promote ≥6 to FOIA
General Atomics,Prime/Integrator,Jobs Telemetry,"""General Atomics"" AND (""TS/SCI"" OR polygraph OR SAPF OR SCIF OR GEOINT OR ""SE&I"") site:clearancejobs.com OR site:linkedin.com OR site:workdayjobs.com",Last 5–7 yrs,TS/SCI poly; SAPF build-outs; GEOINT SE&I spikes,Export artifacts; score with escalation matrix; promote ≥6 to FOIA
Sierra Nevada Corporation (SNC),Prime/Integrator,SAM.gov (Awards & Attachments),"(""special tooling"" OR ""special test equipment"" OR GFP OR 52.245-1 OR ""DD Form 254"" OR DoDM 5205.07 OR JSIG OR ""ICS 705"" OR SAPF OR SCIF) AND ""Sierra Nevada Corporation (SNC)""",FY2010–present; Award→Attchs; Data Bank export,GFP; FAR 52.245-1; IUID/UID; DFARS 252.211-7003; Novation/Change-of-Name FAR 42.12/42.1204; DD 254; DoDM 5205.07; ICS/ICD 705; JSIG; SAPF/SCIF; J&A FAR 6.3; D&F FAR 1.7; UEI/DUNS/CAGE crosswalk,Export artifacts; score with escalation matrix; promote ≥6 to FOIA
Sierra Nevada Corporation (SNC),Prime/Integrator,USAspending (Award → Mod History),"Awardee = ""Sierra Nevada Corporation (SNC)"" (or filter by PIID/IDV) → review Mod Reason/Narrative for GFP/IUID/Novation; export modification history",FY2010–present; bind around M&A/org churn,GFP; FAR 52.245-1; IUID/UID; DFARS 252.211-7003; Novation/Change-of-Name FAR 42.12/42.1204; DD 254; DoDM 5205.07; ICS/ICD 705; JSIG; SAPF/SCIF; J&A FAR 6.3; D&F FAR 1.7; UEI/DUNS/CAGE crosswalk,Export artifacts; score with escalation matrix; promote ≥6 to FOIA
Sierra Nevada Corporation (SNC),Prime/Integrator,FPDS (legacy ezSearch),"""Sierra Nevada Corporation (SNC)"" in ezSearch; inspect PIID/IDV structure; pull SF-30 mod list and clause text",Legacy → clause text & SF-30 mod list,GFP; FAR 52.245-1; IUID/UID; DFARS 252.211-7003; Novation/Change-of-Name FAR 42.12/42.1204; DD 254; DoDM 5205.07; ICS/ICD 705; JSIG; SAPF/SCIF; J&A FAR 6.3; D&F FAR 1.7; UEI/DUNS/CAGE crosswalk,Export artifacts; score with escalation matrix; promote ≥6 to FOIA
Sierra Nevada Corporation (SNC),Prime/Integrator,GAO Bid Protests,"""Sierra Nevada Corporation (SNC)"" AND (protest OR sustain OR deny)",Pull docket → crosswalk PIID & J&A logic,J&A; timeline anchors; evaluation factors,Export artifacts; score with escalation matrix; promote ≥6 to FOIA
Sierra Nevada Corporation (SNC),Prime/Integrator,SEC EDGAR (8-K/10-K/Exhibits),"""Sierra Nevada Corporation (SNC)"" AND (acquisition OR asset transfer OR novation OR government OR ""U.S. government"")",M&A windows ±180 days,novation schedules; segment moves; facility notes,Export artifacts; score with escalation matrix; promote ≥6 to FOIA
Sierra Nevada Corporation (SNC),Prime/Integrator,Delaware SOS (Entity Search),"""Sierra Nevada Corporation (SNC)""",Around mod clusters / novations,conversions; mergers; name changes,Export artifacts; score with escalation matrix; promote ≥6 to FOIA
Sierra Nevada Corporation (SNC),Prime/Integrator,IRS 990 (if applicable),"""Sierra Nevada Corporation (SNC)"" site:irs.gov OR site:propublica.org",Universities/foundations only,program service revenue; related orgs,Export artifacts; score with escalation matrix; promote ≥6 to FOIA
Sierra Nevada Corporation (SNC),Prime/Integrator,Jobs Telemetry,"""Sierra Nevada Corporation (SNC)"" AND (""TS/SCI"" OR polygraph OR SAPF OR SCIF OR GEOINT OR ""SE&I"") site:clearancejobs.com OR site:linkedin.com OR site:workdayjobs.com",Last 5–7 yrs,TS/SCI poly; SAPF build-outs; GEOINT SE&I spikes,Export artifacts; score with escalation matrix; promote ≥6 to FOIA
Kratos Defense & Security,Prime/Integrator,SAM.gov (Awards & Attachments),"(""special tooling"" OR ""special test equipment"" OR GFP OR 52.245-1 OR ""DD Form 254"" OR DoDM 5205.07 OR JSIG OR ""ICS 705"" OR SAPF OR SCIF) AND ""Kratos Defense & Security""",FY2010–present; Award→Attchs; Data Bank export,GFP; FAR 52.245-1; IUID/UID; DFARS 252.211-7003; Novation/Change-of-Name FAR 42.12/42.1204; DD 254; DoDM 5205.07; ICS/ICD 705; JSIG; SAPF/SCIF; J&A FAR 6.3; D&F FAR 1.7; UEI/DUNS/CAGE crosswalk,Export artifacts; score with escalation matrix; promote ≥6 to FOIA
Kratos Defense & Security,Prime/Integrator,USAspending (Award → Mod History),"Awardee = ""Kratos Defense & Security"" (or filter by PIID/IDV) → review Mod Reason/Narrative for GFP/IUID/Novation; export modification history",FY2010–present; bind around M&A/org churn,GFP; FAR 52.245-1; IUID/UID; DFARS 252.211-7003; Novation/Change-of-Name FAR 42.12/42.1204; DD 254; DoDM 5205.07; ICS/ICD 705; JSIG; SAPF/SCIF; J&A FAR 6.3; D&F FAR 1.7; UEI/DUNS/CAGE crosswalk,Export artifacts; score with escalation matrix; promote ≥6 to FOIA
Kratos Defense & Security,Prime/Integrator,FPDS (legacy ezSearch),"""Kratos Defense & Security"" in ezSearch; inspect PIID/IDV structure; pull SF-30 mod list and clause text",Legacy → clause text & SF-30 mod list,GFP; FAR 52.245-1; IUID/UID; DFARS 252.211-7003; Novation/Change-of-Name FAR 42.12/42.1204; DD 254; DoDM 5205.07; ICS/ICD 705; JSIG; SAPF/SCIF; J&A FAR 6.3; D&F FAR 1.7; UEI/DUNS/CAGE crosswalk,Export artifacts; score with escalation matrix; promote ≥6 to FOIA
Kratos Defense & Security,Prime/Integrator,GAO Bid Protests,"""Kratos Defense & Security"" AND (protest OR sustain OR deny)",Pull docket → crosswalk PIID & J&A logic,J&A; timeline anchors; evaluation factors,Export artifacts; score with escalation matrix; promote ≥6 to FOIA
Kratos Defense & Security,Prime/Integrator,SEC EDGAR (8-K/10-K/Exhibits),"""Kratos Defense & Security"" AND (acquisition OR asset transfer OR novation OR government OR ""U.S. government"")",M&A windows ±180 days,novation schedules; segment moves; facility notes,Export artifacts; score with escalation matrix; promote ≥6 to FOIA
Kratos Defense & Security,Prime/Integrator,Delaware SOS (Entity Search),"""Kratos Defense & Security""",Around mod clusters / novations,conversions; mergers; name changes,Export artifacts; score with escalation matrix; promote ≥6 to FOIA
Kratos Defense & Security,Prime/Integrator,IRS 990 (if applicable),"""Kratos Defense & Security"" site:irs.gov OR site:propublica.org",Universities/foundations only,program service revenue; related orgs,Export artifacts; score with escalation matrix; promote ≥6 to FOIA
Kratos Defense & Security,Prime/Integrator,Jobs Telemetry,"""Kratos Defense & Security"" AND (""TS/SCI"" OR polygraph OR SAPF OR SCIF OR GEOINT OR ""SE&I"") site:clearancejobs.com OR site:linkedin.com OR site:workdayjobs.com",Last 5–7 yrs,TS/SCI poly; SAPF build-outs; GEOINT SE&I spikes,Export artifacts; score with escalation matrix; promote ≥6 to FOIA
